date,number_of_checks-no_verification,count-nombre
2021-03-09,0,<20
2021-03-09,1-6,<20
2021-03-09,7-12,<20
2021-03-09,13-30,<20
2021-03-09,30+,<20
2021-03-10,0,<20
2021-03-10,1-6,<20
2021-03-10,7-12,<20
2021-03-10,13-30,<20
2021-03-10,30+,<20
2021-03-11,0,<20
2021-03-11,1-6,<20
2021-03-11,7-12,<20
2021-03-11,13-30,<20
2021-03-11,30+,<20
2021-03-12,0,<20
2021-03-12,1-6,<20
2021-03-12,7-12,<20
2021-03-12,13-30,<20
2021-03-12,30+,<20
2021-03-13,0,<20
2021-03-13,1-6,<20
2021-03-13,7-12,<20
2021-03-13,13-30,<20
2021-03-13,30+,<20
2021-03-14,0,<20
2021-03-14,1-6,<20
2021-03-14,7-12,<20
2021-03-14,13-30,<20
2021-03-14,30+,<20
2021-03-15,0,<20
2021-03-15,1-6,<20
2021-03-15,7-12,<20
2021-03-15,13-30,<20
2021-03-15,30+,<20
2021-03-16,0,<20
2021-03-16,1-6,<20
2021-03-16,7-12,<20
2021-03-16,13-30,<20
2021-03-16,30+,<20
2021-03-17,0,<20
2021-03-17,1-6,<20
2021-03-17,7-12,<20
2021-03-17,13-30,<20
2021-03-17,30+,<20
2021-03-18,0,<20
2021-03-18,1-6,<20
2021-03-18,7-12,<20
2021-03-18,13-30,<20
2021-03-18,30+,<20
2021-03-19,0,<20
2021-03-19,1-6,<20
2021-03-19,7-12,<20
2021-03-19,13-30,<20
2021-03-19,30+,<20
2021-03-20,0,<20
2021-03-20,1-6,<20
2021-03-20,7-12,<20
2021-03-20,13-30,<20
2021-03-20,30+,<20
2021-03-21,0,<20
2021-03-21,1-6,<20
2021-03-21,7-12,<20
2021-03-21,13-30,<20
2021-03-21,30+,<20
2021-03-22,0,<20
2021-03-22,1-6,<20
2021-03-22,7-12,<20
2021-03-22,13-30,<20
2021-03-22,30+,<20
2021-03-23,0,<20
2021-03-23,1-6,<20
2021-03-23,7-12,<20
2021-03-23,13-30,<20
2021-03-23,30+,<20
2021-03-24,0,<20
2021-03-24,1-6,<20
2021-03-24,7-12,<20
2021-03-24,13-30,<20
2021-03-24,30+,<20
2021-03-25,0,<20
2021-03-25,1-6,<20
2021-03-25,7-12,<20
2021-03-25,13-30,<20
2021-03-25,30+,<20
2021-03-26,0,<20
2021-03-26,1-6,<20
2021-03-26,7-12,<20
2021-03-26,13-30,<20
2021-03-26,30+,<20
2021-03-27,0,<20
2021-03-27,1-6,<20
2021-03-27,7-12,<20
2021-03-27,13-30,<20
2021-03-27,30+,<20
2021-03-28,0,<20
2021-03-28,1-6,<20
2021-03-28,7-12,<20
2021-03-28,13-30,<20
2021-03-28,30+,<20
2021-03-29,0,<20
2021-03-29,1-6,<20
2021-03-29,7-12,<20
2021-03-29,13-30,<20
2021-03-29,30+,<20
2021-03-30,0,<20
2021-03-30,1-6,<20
2021-03-30,7-12,<20
2021-03-30,13-30,<20
2021-03-30,30+,<20
2021-03-31,0,<20
2021-03-31,1-6,<20
2021-03-31,7-12,<20
2021-03-31,13-30,<20
2021-03-31,30+,<20
2021-04-01,0,<20
2021-04-01,1-6,<20
2021-04-01,7-12,<20
2021-04-01,13-30,<20
2021-04-01,30+,<20
2021-04-02,0,<20
2021-04-02,1-6,<20
2021-04-02,7-12,<20
2021-04-02,13-30,<20
2021-04-02,30+,<20
2021-04-03,0,<20
2021-04-03,1-6,<20
2021-04-03,7-12,<20
2021-04-03,13-30,<20
2021-04-03,30+,<20
2021-04-04,0,<20
2021-04-04,1-6,<20
2021-04-04,7-12,<20
2021-04-04,13-30,<20
2021-04-04,30+,<20
2021-04-05,0,<20
2021-04-05,1-6,<20
2021-04-05,7-12,<20
2021-04-05,13-30,<20
2021-04-05,30+,<20
2021-04-06,0,<20
2021-04-06,1-6,<20
2021-04-06,7-12,<20
2021-04-06,13-30,<20
2021-04-06,30+,<20
2021-04-07,0,<20
2021-04-07,1-6,<20
2021-04-07,7-12,<20
2021-04-07,13-30,<20
2021-04-07,30+,<20
2021-04-08,0,<20
2021-04-08,1-6,<20
2021-04-08,7-12,<20
2021-04-08,13-30,<20
2021-04-08,30+,<20
2021-04-09,0,<20
2021-04-09,1-6,<20
2021-04-09,7-12,<20
2021-04-09,13-30,<20
2021-04-09,30+,<20
2021-04-10,0,<20
2021-04-10,1-6,<20
2021-04-10,7-12,<20
2021-04-10,13-30,<20
2021-04-10,30+,<20
2021-04-11,0,<20
2021-04-11,1-6,<20
2021-04-11,7-12,<20
2021-04-11,13-30,<20
2021-04-11,30+,<20
2021-04-12,0,<20
2021-04-12,1-6,<20
2021-04-12,7-12,<20
2021-04-12,13-30,<20
2021-04-12,30+,<20
2021-04-13,0,<20
2021-04-13,1-6,<20
2021-04-13,7-12,<20
2021-04-13,13-30,<20
2021-04-13,30+,<20
2021-04-14,0,<20
2021-04-14,1-6,<20
2021-04-14,7-12,<20
2021-04-14,13-30,<20
2021-04-14,30+,<20
2021-04-15,0,<20
2021-04-15,1-6,<20
2021-04-15,7-12,<20
2021-04-15,13-30,<20
2021-04-15,30+,<20
2021-04-16,0,<20
2021-04-16,1-6,<20
2021-04-16,7-12,<20
2021-04-16,13-30,<20
2021-04-16,30+,<20
2021-04-17,0,<20
2021-04-17,1-6,<20
2021-04-17,7-12,<20
2021-04-17,13-30,<20
2021-04-17,30+,<20
2021-04-18,0,<20
2021-04-18,1-6,<20
2021-04-18,7-12,<20
2021-04-18,13-30,<20
2021-04-18,30+,<20
2021-04-19,0,<20
2021-04-19,1-6,<20
2021-04-19,7-12,<20
2021-04-19,13-30,<20
2021-04-19,30+,<20
2021-04-20,0,<20
2021-04-20,1-6,<20
2021-04-20,7-12,<20
2021-04-20,13-30,<20
2021-04-20,30+,<20
2021-04-21,0,<20
2021-04-21,1-6,<20
2021-04-21,7-12,<20
2021-04-21,13-30,<20
2021-04-21,30+,<20
2021-04-22,0,<20
2021-04-22,1-6,<20
2021-04-22,7-12,<20
2021-04-22,13-30,<20
2021-04-22,30+,<20
2021-04-23,0,<20
2021-04-23,1-6,<20
2021-04-23,7-12,<20
2021-04-23,13-30,<20
2021-04-23,30+,<20
2021-04-24,0,<20
2021-04-24,1-6,<20
2021-04-24,7-12,<20
2021-04-24,13-30,<20
2021-04-24,30+,<20
2021-04-25,0,<20
2021-04-25,1-6,<20
2021-04-25,7-12,<20
2021-04-25,13-30,<20
2021-04-25,30+,<20
2021-04-26,0,<20
2021-04-26,1-6,<20
2021-04-26,7-12,<20
2021-04-26,13-30,<20
2021-04-26,30+,<20
2021-04-27,0,<20
2021-04-27,1-6,<20
2021-04-27,7-12,<20
2021-04-27,13-30,<20
2021-04-27,30+,<20
2021-04-28,0,<20
2021-04-28,1-6,<20
2021-04-28,7-12,<20
2021-04-28,13-30,<20
2021-04-28,30+,<20
2021-04-29,0,<20
2021-04-29,1-6,<20
2021-04-29,7-12,<20
2021-04-29,13-30,<20
2021-04-29,30+,<20
2021-04-30,0,<20
2021-04-30,1-6,<20
2021-04-30,7-12,<20
2021-04-30,13-30,<20
2021-04-30,30+,<20
2021-05-01,0,<20
2021-05-01,1-6,<20
2021-05-01,7-12,<20
2021-05-01,13-30,<20
2021-05-01,30+,<20
2021-05-02,0,<20
2021-05-02,1-6,<20
2021-05-02,7-12,<20
2021-05-02,13-30,<20
2021-05-02,30+,<20
2021-05-03,0,<20
2021-05-03,1-6,<20
2021-05-03,7-12,<20
2021-05-03,13-30,<20
2021-05-03,30+,<20
2021-05-04,0,<20
2021-05-04,1-6,<20
2021-05-04,7-12,<20
2021-05-04,13-30,<20
2021-05-04,30+,<20
2021-05-05,0,<20
2021-05-05,1-6,<20
2021-05-05,7-12,<20
2021-05-05,13-30,<20
2021-05-05,30+,<20
2021-05-06,0,<20
2021-05-06,1-6,<20
2021-05-06,7-12,<20
2021-05-06,13-30,<20
2021-05-06,30+,<20
2021-05-07,0,<20
2021-05-07,1-6,<20
2021-05-07,7-12,<20
2021-05-07,13-30,<20
2021-05-07,30+,<20
2021-05-08,0,<20
2021-05-08,1-6,<20
2021-05-08,7-12,<20
2021-05-08,13-30,<20
2021-05-08,30+,<20
2021-05-09,0,<20
2021-05-09,1-6,<20
2021-05-09,7-12,<20
2021-05-09,13-30,<20
2021-05-09,30+,<20
2021-05-10,0,<20
2021-05-10,1-6,<20
2021-05-10,7-12,<20
2021-05-10,13-30,<20
2021-05-10,30+,<20
2021-05-11,0,<20
2021-05-11,1-6,<20
2021-05-11,7-12,<20
2021-05-11,13-30,<20
2021-05-11,30+,<20
2021-05-12,0,<20
2021-05-12,1-6,<20
2021-05-12,7-12,<20
2021-05-12,13-30,<20
2021-05-12,30+,<20
2021-05-13,0,<20
2021-05-13,1-6,<20
2021-05-13,7-12,<20
2021-05-13,13-30,<20
2021-05-13,30+,<20
2021-05-14,0,<20
2021-05-14,1-6,<20
2021-05-14,7-12,<20
2021-05-14,13-30,<20
2021-05-14,30+,<20
2021-05-15,0,<20
2021-05-15,1-6,<20
2021-05-15,7-12,<20
2021-05-15,13-30,<20
2021-05-15,30+,<20
2021-05-16,0,<20
2021-05-16,1-6,<20
2021-05-16,7-12,<20
2021-05-16,13-30,<20
2021-05-16,30+,<20
2021-05-17,0,<20
2021-05-17,1-6,<20
2021-05-17,7-12,<20
2021-05-17,13-30,<20
2021-05-17,30+,<20
2021-05-18,0,<20
2021-05-18,1-6,<20
2021-05-18,7-12,<20
2021-05-18,13-30,<20
2021-05-18,30+,<20
2021-05-19,0,<20
2021-05-19,1-6,<20
2021-05-19,7-12,<20
2021-05-19,13-30,<20
2021-05-19,30+,<20
2021-05-20,0,<20
2021-05-20,1-6,<20
2021-05-20,7-12,<20
2021-05-20,13-30,<20
2021-05-20,30+,<20
2021-05-21,0,<20
2021-05-21,1-6,<20
2021-05-21,7-12,<20
2021-05-21,13-30,<20
2021-05-21,30+,<20
2021-05-22,0,<20
2021-05-22,1-6,<20
2021-05-22,7-12,<20
2021-05-22,13-30,<20
2021-05-22,30+,<20
2021-05-23,0,<20
2021-05-23,1-6,<20
2021-05-23,7-12,<20
2021-05-23,13-30,<20
2021-05-23,30+,<20
2021-05-24,0,<20
2021-05-24,1-6,<20
2021-05-24,7-12,<20
2021-05-24,13-30,<20
2021-05-24,30+,<20
2021-05-25,0,<20
2021-05-25,1-6,<20
2021-05-25,7-12,<20
2021-05-25,13-30,<20
2021-05-25,30+,<20
2021-05-26,0,<20
2021-05-26,1-6,<20
2021-05-26,7-12,<20
2021-05-26,13-30,<20
2021-05-26,30+,<20
2021-05-27,0,<20
2021-05-27,1-6,<20
2021-05-27,7-12,<20
2021-05-27,13-30,<20
2021-05-27,30+,<20
2021-05-28,0,<20
2021-05-28,1-6,<20
2021-05-28,7-12,<20
2021-05-28,13-30,<20
2021-05-28,30+,<20
2021-05-29,0,<20
2021-05-29,1-6,<20
2021-05-29,7-12,<20
2021-05-29,13-30,<20
2021-05-29,30+,<20
2021-05-30,0,<20
2021-05-30,1-6,<20
2021-05-30,7-12,<20
2021-05-30,13-30,<20
2021-05-30,30+,<20
2021-05-31,0,<20
2021-05-31,1-6,<20
2021-05-31,7-12,<20
2021-05-31,13-30,<20
2021-05-31,30+,<20
2021-06-01,0,<20
2021-06-01,1-6,<20
2021-06-01,7-12,<20
2021-06-01,13-30,<20
2021-06-01,30+,<20
2021-06-02,0,<20
2021-06-02,1-6,<20
2021-06-02,7-12,<20
2021-06-02,13-30,<20
2021-06-02,30+,<20
2021-06-03,0,<20
2021-06-03,1-6,<20
2021-06-03,7-12,<20
2021-06-03,13-30,<20
2021-06-03,30+,<20
2021-06-04,0,<20
2021-06-04,1-6,<20
2021-06-04,7-12,<20
2021-06-04,13-30,<20
2021-06-04,30+,<20
2021-06-05,0,<20
2021-06-05,1-6,<20
2021-06-05,7-12,<20
2021-06-05,13-30,<20
2021-06-05,30+,<20
2021-06-06,0,<20
2021-06-06,1-6,<20
2021-06-06,7-12,<20
2021-06-06,13-30,<20
2021-06-06,30+,<20
2021-06-07,0,<20
2021-06-07,1-6,<20
2021-06-07,7-12,<20
2021-06-07,13-30,<20
2021-06-07,30+,<20
2021-06-08,0,<20
2021-06-08,1-6,<20
2021-06-08,7-12,<20
2021-06-08,13-30,<20
2021-06-08,30+,<20
2021-06-09,0,<20
2021-06-09,1-6,<20
2021-06-09,7-12,<20
2021-06-09,13-30,<20
2021-06-09,30+,<20
2021-06-10,0,<20
2021-06-10,1-6,<20
2021-06-10,7-12,<20
2021-06-10,13-30,<20
2021-06-10,30+,<20
2021-06-11,0,<20
2021-06-11,1-6,<20
2021-06-11,7-12,<20
2021-06-11,13-30,<20
2021-06-11,30+,<20
2021-06-12,0,<20
2021-06-12,1-6,<20
2021-06-12,7-12,<20
2021-06-12,13-30,<20
2021-06-12,30+,<20
2021-06-13,0,<20
2021-06-13,1-6,<20
2021-06-13,7-12,<20
2021-06-13,13-30,<20
2021-06-13,30+,<20
2021-06-14,0,<20
2021-06-14,1-6,<20
2021-06-14,7-12,<20
2021-06-14,13-30,<20
2021-06-14,30+,<20
2021-06-15,0,<20
2021-06-15,1-6,<20
2021-06-15,7-12,<20
2021-06-15,13-30,<20
2021-06-15,30+,<20
2021-06-16,0,<20
2021-06-16,1-6,<20
2021-06-16,7-12,<20
2021-06-16,13-30,<20
2021-06-16,30+,<20
2021-06-17,0,<20
2021-06-17,1-6,<20
2021-06-17,7-12,<20
2021-06-17,13-30,<20
2021-06-17,30+,<20
2021-06-18,0,<20
2021-06-18,1-6,<20
2021-06-18,7-12,<20
2021-06-18,13-30,<20
2021-06-18,30+,<20
2021-06-19,0,<20
2021-06-19,1-6,<20
2021-06-19,7-12,<20
2021-06-19,13-30,<20
2021-06-19,30+,<20
2021-06-20,0,<20
2021-06-20,1-6,<20
2021-06-20,7-12,<20
2021-06-20,13-30,<20
2021-06-20,30+,<20
2021-06-21,0,<20
2021-06-21,1-6,<20
2021-06-21,7-12,<20
2021-06-21,13-30,<20
2021-06-21,30+,<20
2021-06-22,0,<20
2021-06-22,1-6,<20
2021-06-22,7-12,<20
2021-06-22,13-30,<20
2021-06-22,30+,<20
2021-06-23,0,<20
2021-06-23,1-6,<20
2021-06-23,7-12,<20
2021-06-23,13-30,<20
2021-06-23,30+,<20
2021-06-24,0,<20
2021-06-24,1-6,<20
2021-06-24,7-12,<20
2021-06-24,13-30,<20
2021-06-24,30+,<20
2021-06-25,0,<20
2021-06-25,1-6,<20
2021-06-25,7-12,<20
2021-06-25,13-30,<20
2021-06-25,30+,<20
2021-06-26,0,<20
2021-06-26,1-6,<20
2021-06-26,7-12,<20
2021-06-26,13-30,<20
2021-06-26,30+,<20
2021-06-27,0,<20
2021-06-27,1-6,<20
2021-06-27,7-12,<20
2021-06-27,13-30,<20
2021-06-27,30+,<20
2021-06-28,0,<20
2021-06-28,1-6,<20
2021-06-28,7-12,<20
2021-06-28,13-30,<20
2021-06-28,30+,<20
2021-06-29,0,<20
2021-06-29,1-6,<20
2021-06-29,7-12,<20
2021-06-29,13-30,<20
2021-06-29,30+,<20
2021-06-30,0,<20
2021-06-30,1-6,<20
2021-06-30,7-12,<20
2021-06-30,13-30,<20
2021-06-30,30+,<20
2021-07-01,0,<20
2021-07-01,1-6,<20
2021-07-01,7-12,<20
2021-07-01,13-30,<20
2021-07-01,30+,<20
2021-07-02,0,<20
2021-07-02,1-6,<20
2021-07-02,7-12,<20
2021-07-02,13-30,<20
2021-07-02,30+,<20
2021-07-03,0,<20
2021-07-03,1-6,<20
2021-07-03,7-12,<20
2021-07-03,13-30,<20
2021-07-03,30+,<20
2021-07-04,0,<20
2021-07-04,1-6,<20
2021-07-04,7-12,<20
2021-07-04,13-30,<20
2021-07-04,30+,<20
2021-07-05,0,<20
2021-07-05,1-6,<20
2021-07-05,7-12,<20
2021-07-05,13-30,<20
2021-07-05,30+,<20
2021-07-06,0,<20
2021-07-06,1-6,<20
2021-07-06,7-12,<20
2021-07-06,13-30,<20
2021-07-06,30+,<20
2021-07-07,0,<20
2021-07-07,1-6,<20
2021-07-07,7-12,<20
2021-07-07,13-30,<20
2021-07-07,30+,<20
2021-07-08,0,<20
2021-07-08,1-6,<20
2021-07-08,7-12,<20
2021-07-08,13-30,<20
2021-07-08,30+,<20
2021-07-09,0,<20
2021-07-09,1-6,<20
2021-07-09,7-12,<20
2021-07-09,13-30,<20
2021-07-09,30+,<20
2021-07-10,0,<20
2021-07-10,1-6,<20
2021-07-10,7-12,<20
2021-07-10,13-30,<20
2021-07-10,30+,<20
2021-07-11,0,<20
2021-07-11,1-6,<20
2021-07-11,7-12,<20
2021-07-11,13-30,<20
2021-07-11,30+,<20
2021-07-12,0,<20
2021-07-12,1-6,<20
2021-07-12,7-12,<20
2021-07-12,13-30,<20
2021-07-12,30+,<20
2021-07-13,0,<20
2021-07-13,1-6,<20
2021-07-13,7-12,<20
2021-07-13,13-30,<20
2021-07-13,30+,<20
2021-07-14,0,<20
2021-07-14,1-6,<20
2021-07-14,7-12,<20
2021-07-14,13-30,<20
2021-07-14,30+,<20
2021-07-15,0,<20
2021-07-15,1-6,<20
2021-07-15,7-12,<20
2021-07-15,13-30,<20
2021-07-15,30+,<20
2021-07-16,0,<20
2021-07-16,1-6,<20
2021-07-16,7-12,<20
2021-07-16,13-30,<20
2021-07-16,30+,<20
2021-07-17,0,<20
2021-07-17,1-6,<20
2021-07-17,7-12,<20
2021-07-17,13-30,<20
2021-07-17,30+,<20
2021-07-18,0,<20
2021-07-18,1-6,<20
2021-07-18,7-12,<20
2021-07-18,13-30,<20
2021-07-18,30+,<20
2021-07-19,0,<20
2021-07-19,1-6,<20
2021-07-19,7-12,<20
2021-07-19,13-30,<20
2021-07-19,30+,<20
2021-07-20,0,<20
2021-07-20,1-6,<20
2021-07-20,7-12,<20
2021-07-20,13-30,<20
2021-07-20,30+,<20
2021-07-21,0,<20
2021-07-21,1-6,<20
2021-07-21,7-12,<20
2021-07-21,13-30,<20
2021-07-21,30+,<20
2021-07-22,0,<20
2021-07-22,1-6,<20
2021-07-22,7-12,<20
2021-07-22,13-30,<20
2021-07-22,30+,<20
2021-07-23,0,<20
2021-07-23,1-6,<20
2021-07-23,7-12,<20
2021-07-23,13-30,<20
2021-07-23,30+,<20
2021-07-24,0,<20
2021-07-24,1-6,<20
2021-07-24,7-12,<20
2021-07-24,13-30,<20
2021-07-24,30+,<20
2021-07-25,0,<20
2021-07-25,1-6,<20
2021-07-25,7-12,<20
2021-07-25,13-30,<20
2021-07-25,30+,<20
2021-07-26,0,<20
2021-07-26,1-6,<20
2021-07-26,7-12,<20
2021-07-26,13-30,<20
2021-07-26,30+,<20
2021-07-27,0,<20
2021-07-27,1-6,<20
2021-07-27,7-12,<20
2021-07-27,13-30,<20
2021-07-27,30+,<20
2021-07-28,0,<20
2021-07-28,1-6,<20
2021-07-28,7-12,<20
2021-07-28,13-30,<20
2021-07-28,30+,<20
2021-07-29,0,<20
2021-07-29,1-6,<20
2021-07-29,7-12,<20
2021-07-29,13-30,<20
2021-07-29,30+,<20
2021-07-30,0,<20
2021-07-30,1-6,<20
2021-07-30,7-12,<20
2021-07-30,13-30,<20
2021-07-30,30+,<20
2021-07-31,0,<20
2021-07-31,1-6,<20
2021-07-31,7-12,<20
2021-07-31,13-30,<20
2021-07-31,30+,<20
2021-08-01,0,<20
2021-08-01,1-6,<20
2021-08-01,7-12,<20
2021-08-01,13-30,<20
2021-08-01,30+,<20
2021-08-02,0,<20
2021-08-02,1-6,<20
2021-08-02,7-12,<20
2021-08-02,13-30,<20
2021-08-02,30+,<20
2021-08-03,0,<20
2021-08-03,1-6,<20
2021-08-03,7-12,<20
2021-08-03,13-30,<20
2021-08-03,30+,<20
2021-08-04,0,<20
2021-08-04,1-6,<20
2021-08-04,7-12,<20
2021-08-04,13-30,<20
2021-08-04,30+,<20
2021-08-05,0,<20
2021-08-05,1-6,<20
2021-08-05,7-12,<20
2021-08-05,13-30,<20
2021-08-05,30+,<20
2021-08-06,0,<20
2021-08-06,1-6,<20
2021-08-06,7-12,<20
2021-08-06,13-30,<20
2021-08-06,30+,<20
2021-08-07,0,<20
2021-08-07,1-6,<20
2021-08-07,7-12,<20
2021-08-07,13-30,<20
2021-08-07,30+,<20
2021-08-08,0,<20
2021-08-08,1-6,<20
2021-08-08,7-12,<20
2021-08-08,13-30,<20
2021-08-08,30+,<20
2021-08-09,0,<20
2021-08-09,1-6,<20
2021-08-09,7-12,<20
2021-08-09,13-30,<20
2021-08-09,30+,<20
2021-08-10,0,<20
2021-08-10,1-6,<20
2021-08-10,7-12,<20
2021-08-10,13-30,<20
2021-08-10,30+,<20
2021-08-11,0,<20
2021-08-11,1-6,<20
2021-08-11,7-12,<20
2021-08-11,13-30,<20
2021-08-11,30+,<20
2021-08-12,0,<20
2021-08-12,1-6,<20
2021-08-12,7-12,<20
2021-08-12,13-30,<20
2021-08-12,30+,<20
2021-08-13,0,<20
2021-08-13,1-6,<20
2021-08-13,7-12,<20
2021-08-13,13-30,<20
2021-08-13,30+,<20
2021-08-14,0,<20
2021-08-14,1-6,<20
2021-08-14,7-12,<20
2021-08-14,13-30,<20
2021-08-14,30+,<20
2021-08-15,0,<20
2021-08-15,1-6,<20
2021-08-15,7-12,<20
2021-08-15,13-30,<20
2021-08-15,30+,<20
2021-08-16,0,<20
2021-08-16,1-6,<20
2021-08-16,7-12,<20
2021-08-16,13-30,<20
2021-08-16,30+,<20
2021-08-17,0,<20
2021-08-17,1-6,<20
2021-08-17,7-12,<20
2021-08-17,13-30,<20
2021-08-17,30+,<20
2021-08-18,0,<20
2021-08-18,1-6,<20
2021-08-18,7-12,<20
2021-08-18,13-30,<20
2021-08-18,30+,<20
2021-08-19,0,<20
2021-08-19,1-6,<20
2021-08-19,7-12,<20
2021-08-19,13-30,<20
2021-08-19,30+,<20
2021-08-20,0,<20
2021-08-20,1-6,<20
2021-08-20,7-12,<20
2021-08-20,13-30,<20
2021-08-20,30+,<20
2021-08-21,0,<20
2021-08-21,1-6,<20
2021-08-21,7-12,<20
2021-08-21,13-30,<20
2021-08-21,30+,<20
2021-08-22,0,<20
2021-08-22,1-6,<20
2021-08-22,7-12,<20
2021-08-22,13-30,<20
2021-08-22,30+,<20
2021-08-23,0,<20
2021-08-23,1-6,<20
2021-08-23,7-12,<20
2021-08-23,13-30,<20
2021-08-23,30+,<20
2021-08-24,0,<20
2021-08-24,1-6,<20
2021-08-24,7-12,<20
2021-08-24,13-30,<20
2021-08-24,30+,<20
2021-08-25,0,<20
2021-08-25,1-6,<20
2021-08-25,7-12,<20
2021-08-25,13-30,<20
2021-08-25,30+,<20
2021-08-26,0,<20
2021-08-26,1-6,<20
2021-08-26,7-12,<20
2021-08-26,13-30,<20
2021-08-26,30+,<20
2021-08-27,0,<20
2021-08-27,1-6,<20
2021-08-27,7-12,<20
2021-08-27,13-30,<20
2021-08-27,30+,<20
2021-08-28,0,<20
2021-08-28,1-6,<20
2021-08-28,7-12,<20
2021-08-28,13-30,<20
2021-08-28,30+,<20
2021-08-29,0,<20
2021-08-29,1-6,<20
2021-08-29,7-12,<20
2021-08-29,13-30,<20
2021-08-29,30+,<20
2021-08-30,0,<20
2021-08-30,1-6,<20
2021-08-30,7-12,<20
2021-08-30,13-30,<20
2021-08-30,30+,<20
2021-08-31,0,<20
2021-08-31,1-6,<20
2021-08-31,7-12,<20
2021-08-31,13-30,<20
2021-08-31,30+,<20
2021-09-01,0,<20
2021-09-01,1-6,<20
2021-09-01,7-12,<20
2021-09-01,13-30,<20
2021-09-01,30+,<20
2021-09-02,0,<20
2021-09-02,1-6,<20
2021-09-02,7-12,<20
2021-09-02,13-30,<20
2021-09-02,30+,<20
2021-09-03,0,<20
2021-09-03,1-6,<20
2021-09-03,7-12,<20
2021-09-03,13-30,<20
2021-09-03,30+,<20
2021-09-04,0,<20
2021-09-04,1-6,<20
2021-09-04,7-12,<20
2021-09-04,13-30,<20
2021-09-04,30+,<20
2021-09-05,0,<20
2021-09-05,1-6,<20
2021-09-05,7-12,<20
2021-09-05,13-30,<20
2021-09-05,30+,<20
2021-09-06,0,<20
2021-09-06,1-6,<20
2021-09-06,7-12,<20
2021-09-06,13-30,<20
2021-09-06,30+,<20
2021-09-07,0,<20
2021-09-07,1-6,<20
2021-09-07,7-12,<20
2021-09-07,13-30,<20
2021-09-07,30+,<20
2021-09-08,0,<20
2021-09-08,1-6,<20
2021-09-08,7-12,<20
2021-09-08,13-30,<20
2021-09-08,30+,<20
2021-09-09,0,<20
2021-09-09,1-6,<20
2021-09-09,7-12,<20
2021-09-09,13-30,<20
2021-09-09,30+,<20
2021-09-10,0,<20
2021-09-10,1-6,<20
2021-09-10,7-12,<20
2021-09-10,13-30,<20
2021-09-10,30+,<20
2021-09-11,0,<20
2021-09-11,1-6,<20
2021-09-11,7-12,<20
2021-09-11,13-30,<20
2021-09-11,30+,<20
2021-09-12,0,<20
2021-09-12,1-6,<20
2021-09-12,7-12,<20
2021-09-12,13-30,<20
2021-09-12,30+,<20
2021-09-13,0,<20
2021-09-13,1-6,<20
2021-09-13,7-12,<20
2021-09-13,13-30,<20
2021-09-13,30+,<20
2021-09-14,0,<20
2021-09-14,1-6,<20
2021-09-14,7-12,<20
2021-09-14,13-30,<20
2021-09-14,30+,<20
2021-09-15,0,<20
2021-09-15,1-6,<20
2021-09-15,7-12,<20
2021-09-15,13-30,<20
2021-09-15,30+,<20
2021-09-16,0,<20
2021-09-16,1-6,<20
2021-09-16,7-12,<20
2021-09-16,13-30,<20
2021-09-16,30+,<20
2021-09-17,0,<20
2021-09-17,1-6,<20
2021-09-17,7-12,<20
2021-09-17,13-30,<20
2021-09-17,30+,<20
2021-09-18,0,<20
2021-09-18,1-6,<20
2021-09-18,7-12,<20
2021-09-18,13-30,<20
2021-09-18,30+,<20
2021-09-19,0,<20
2021-09-19,1-6,<20
2021-09-19,7-12,<20
2021-09-19,13-30,<20
2021-09-19,30+,<20
2021-09-20,0,<20
2021-09-20,1-6,<20
2021-09-20,7-12,<20
2021-09-20,13-30,<20
2021-09-20,30+,<20
2021-09-21,0,<20
2021-09-21,1-6,<20
2021-09-21,7-12,<20
2021-09-21,13-30,<20
2021-09-21,30+,<20
2021-09-22,0,<20
2021-09-22,1-6,<20
2021-09-22,7-12,<20
2021-09-22,13-30,<20
2021-09-22,30+,<20
2021-09-23,0,<20
2021-09-23,1-6,<20
2021-09-23,7-12,<20
2021-09-23,13-30,<20
2021-09-23,30+,<20
2021-09-24,0,<20
2021-09-24,1-6,<20
2021-09-24,7-12,<20
2021-09-24,13-30,<20
2021-09-24,30+,<20
2021-09-25,0,<20
2021-09-25,1-6,<20
2021-09-25,7-12,<20
2021-09-25,13-30,<20
2021-09-25,30+,<20
2021-09-26,0,<20
2021-09-26,1-6,<20
2021-09-26,7-12,<20
2021-09-26,13-30,<20
2021-09-26,30+,<20
2021-09-27,0,<20
2021-09-27,1-6,<20
2021-09-27,7-12,<20
2021-09-27,13-30,<20
2021-09-27,30+,<20
2021-09-28,0,<20
2021-09-28,1-6,<20
2021-09-28,7-12,<20
2021-09-28,13-30,<20
2021-09-28,30+,<20
2021-09-29,0,<20
2021-09-29,1-6,<20
2021-09-29,7-12,<20
2021-09-29,13-30,<20
2021-09-29,30+,<20
2021-09-30,0,<20
2021-09-30,1-6,<20
2021-09-30,7-12,<20
2021-09-30,13-30,<20
2021-09-30,30+,<20
2021-10-01,0,<20
2021-10-01,1-6,<20
2021-10-01,7-12,<20
2021-10-01,13-30,<20
2021-10-01,30+,<20
2021-10-02,0,<20
2021-10-02,1-6,<20
2021-10-02,7-12,<20
2021-10-02,13-30,<20
2021-10-02,30+,<20
2021-10-03,0,<20
2021-10-03,1-6,<20
2021-10-03,7-12,<20
2021-10-03,13-30,<20
2021-10-03,30+,<20
2021-10-04,0,<20
2021-10-04,1-6,<20
2021-10-04,7-12,<20
2021-10-04,13-30,<20
2021-10-04,30+,<20
2021-10-05,0,<20
2021-10-05,1-6,<20
2021-10-05,7-12,<20
2021-10-05,13-30,<20
2021-10-05,30+,<20
2021-10-06,0,<20
2021-10-06,1-6,<20
2021-10-06,7-12,<20
2021-10-06,13-30,<20
2021-10-06,30+,<20
2021-10-07,0,<20
2021-10-07,1-6,<20
2021-10-07,7-12,<20
2021-10-07,13-30,<20
2021-10-07,30+,<20
2021-10-08,0,<20
2021-10-08,1-6,<20
2021-10-08,7-12,<20
2021-10-08,13-30,<20
2021-10-08,30+,<20
2021-10-09,0,<20
2021-10-09,1-6,<20
2021-10-09,7-12,<20
2021-10-09,13-30,<20
2021-10-09,30+,<20
2021-10-10,0,<20
2021-10-10,1-6,<20
2021-10-10,7-12,<20
2021-10-10,13-30,<20
2021-10-10,30+,<20
2021-10-11,0,<20
2021-10-11,1-6,<20
2021-10-11,7-12,<20
2021-10-11,13-30,<20
2021-10-11,30+,<20
2021-10-12,0,<20
2021-10-12,1-6,<20
2021-10-12,7-12,<20
2021-10-12,13-30,<20
2021-10-12,30+,<20
2021-10-13,0,<20
2021-10-13,1-6,<20
2021-10-13,7-12,<20
2021-10-13,13-30,<20
2021-10-13,30+,<20
2021-10-14,0,<20
2021-10-14,1-6,<20
2021-10-14,7-12,<20
2021-10-14,13-30,<20
2021-10-14,30+,<20
2021-10-15,0,<20
2021-10-15,1-6,<20
2021-10-15,7-12,<20
2021-10-15,13-30,<20
2021-10-15,30+,<20
2021-10-16,0,<20
2021-10-16,1-6,<20
2021-10-16,7-12,<20
2021-10-16,13-30,<20
2021-10-16,30+,<20
2021-10-17,0,<20
2021-10-17,1-6,<20
2021-10-17,7-12,<20
2021-10-17,13-30,<20
2021-10-17,30+,<20
2021-10-18,0,<20
2021-10-18,1-6,<20
2021-10-18,7-12,<20
2021-10-18,13-30,<20
2021-10-18,30+,<20
2021-10-19,0,<20
2021-10-19,1-6,<20
2021-10-19,7-12,<20
2021-10-19,13-30,<20
2021-10-19,30+,<20
2021-10-20,0,<20
2021-10-20,1-6,<20
2021-10-20,7-12,<20
2021-10-20,13-30,<20
2021-10-20,30+,<20
2021-10-21,0,<20
2021-10-21,1-6,<20
2021-10-21,7-12,<20
2021-10-21,13-30,<20
2021-10-21,30+,<20
2021-10-22,0,<20
2021-10-22,1-6,<20
2021-10-22,7-12,<20
2021-10-22,13-30,<20
2021-10-22,30+,<20
2021-10-23,0,<20
2021-10-23,1-6,<20
2021-10-23,7-12,<20
2021-10-23,13-30,<20
2021-10-23,30+,<20
2021-10-24,0,<20
2021-10-24,1-6,<20
2021-10-24,7-12,<20
2021-10-24,13-30,<20
2021-10-24,30+,<20
2021-10-25,0,<20
2021-10-25,1-6,<20
2021-10-25,7-12,<20
2021-10-25,13-30,<20
2021-10-25,30+,<20
2021-10-26,0,<20
2021-10-26,1-6,<20
2021-10-26,7-12,<20
2021-10-26,13-30,<20
2021-10-26,30+,<20
2021-10-27,0,<20
2021-10-27,1-6,<20
2021-10-27,7-12,<20
2021-10-27,13-30,<20
2021-10-27,30+,<20
2021-10-28,0,<20
2021-10-28,1-6,<20
2021-10-28,7-12,<20
2021-10-28,13-30,<20
2021-10-28,30+,<20
2021-10-29,0,<20
2021-10-29,1-6,<20
2021-10-29,7-12,<20
2021-10-29,13-30,<20
2021-10-29,30+,<20
2021-10-30,0,<20
2021-10-30,1-6,<20
2021-10-30,7-12,<20
2021-10-30,13-30,<20
2021-10-30,30+,<20
2021-10-31,0,<20
2021-10-31,1-6,<20
2021-10-31,7-12,<20
2021-10-31,13-30,<20
2021-10-31,30+,<20
2021-11-01,0,<20
2021-11-01,1-6,<20
2021-11-01,7-12,<20
2021-11-01,13-30,<20
2021-11-01,30+,<20
2021-11-02,0,<20
2021-11-02,1-6,<20
2021-11-02,7-12,<20
2021-11-02,13-30,<20
2021-11-02,30+,<20
2021-11-03,0,<20
2021-11-03,1-6,<20
2021-11-03,7-12,<20
2021-11-03,13-30,<20
2021-11-03,30+,<20
2021-11-04,0,<20
2021-11-04,1-6,<20
2021-11-04,7-12,<20
2021-11-04,13-30,<20
2021-11-04,30+,<20
2021-11-05,0,<20
2021-11-05,1-6,<20
2021-11-05,7-12,<20
2021-11-05,13-30,<20
2021-11-05,30+,<20
2021-11-06,0,<20
2021-11-06,1-6,<20
2021-11-06,7-12,<20
2021-11-06,13-30,<20
2021-11-06,30+,<20
2021-11-07,0,<20
2021-11-07,1-6,<20
2021-11-07,7-12,<20
2021-11-07,13-30,<20
2021-11-07,30+,<20
2021-11-08,0,<20
2021-11-08,1-6,<20
2021-11-08,7-12,<20
2021-11-08,13-30,<20
2021-11-08,30+,<20
2021-11-09,0,<20
2021-11-09,1-6,<20
2021-11-09,7-12,<20
2021-11-09,13-30,<20
2021-11-09,30+,<20
2021-11-10,0,<20
2021-11-10,1-6,<20
2021-11-10,7-12,<20
2021-11-10,13-30,<20
2021-11-10,30+,<20
2021-11-11,0,<20
2021-11-11,1-6,<20
2021-11-11,7-12,<20
2021-11-11,13-30,<20
2021-11-11,30+,<20
2021-11-12,0,<20
2021-11-12,1-6,<20
2021-11-12,7-12,<20
2021-11-12,13-30,<20
2021-11-12,30+,<20
2021-11-13,0,<20
2021-11-13,1-6,<20
2021-11-13,7-12,<20
2021-11-13,13-30,<20
2021-11-13,30+,<20
2021-11-14,0,<20
2021-11-14,1-6,<20
2021-11-14,7-12,<20
2021-11-14,13-30,<20
2021-11-14,30+,<20
2021-11-15,0,<20
2021-11-15,1-6,<20
2021-11-15,7-12,<20
2021-11-15,13-30,<20
2021-11-15,30+,<20
2021-11-16,0,<20
2021-11-16,1-6,<20
2021-11-16,7-12,<20
2021-11-16,13-30,<20
2021-11-16,30+,<20
2021-11-17,0,<20
2021-11-17,1-6,<20
2021-11-17,7-12,<20
2021-11-17,13-30,<20
2021-11-17,30+,<20
2021-11-18,0,<20
2021-11-18,1-6,<20
2021-11-18,7-12,<20
2021-11-18,13-30,<20
2021-11-18,30+,<20
2021-11-19,0,<20
2021-11-19,1-6,<20
2021-11-19,7-12,<20
2021-11-19,13-30,<20
2021-11-19,30+,<20
2021-11-20,0,<20
2021-11-20,1-6,<20
2021-11-20,7-12,<20
2021-11-20,13-30,<20
2021-11-20,30+,<20
2021-11-21,0,<20
2021-11-21,1-6,<20
2021-11-21,7-12,<20
2021-11-21,13-30,<20
2021-11-21,30+,<20
2021-11-22,0,<20
2021-11-22,1-6,<20
2021-11-22,7-12,<20
2021-11-22,13-30,<20
2021-11-22,30+,<20
2021-11-23,0,<20
2021-11-23,1-6,<20
2021-11-23,7-12,<20
2021-11-23,13-30,<20
2021-11-23,30+,<20
2021-11-24,0,<20
2021-11-24,1-6,<20
2021-11-24,7-12,<20
2021-11-24,13-30,<20
2021-11-24,30+,<20
2021-11-25,0,<20
2021-11-25,1-6,<20
2021-11-25,7-12,<20
2021-11-25,13-30,<20
2021-11-25,30+,<20
2021-11-26,0,<20
2021-11-26,1-6,<20
2021-11-26,7-12,<20
2021-11-26,13-30,<20
2021-11-26,30+,<20
2021-11-27,0,<20
2021-11-27,1-6,<20
2021-11-27,7-12,<20
2021-11-27,13-30,<20
2021-11-27,30+,<20
2021-11-28,0,<20
2021-11-28,1-6,<20
2021-11-28,7-12,<20
2021-11-28,13-30,<20
2021-11-28,30+,<20
2021-11-29,0,<20
2021-11-29,1-6,<20
2021-11-29,7-12,<20
2021-11-29,13-30,<20
2021-11-29,30+,<20
