date,number_of_checks-no_verification,os-se,count-nombre
2021-03-05,0,android,<20
2021-03-05,0,ios,<20
2021-03-05,1-6,android,<20
2021-03-05,1-6,ios,<20
2021-03-05,7-12,android,<20
2021-03-05,7-12,ios,<20
2021-03-05,13-30,android,<20
2021-03-05,13-30,ios,<20
2021-03-05,30+,android,<20
2021-03-05,30+,ios,<20
2021-03-06,0,android,<20
2021-03-06,0,ios,<20
2021-03-06,1-6,android,<20
2021-03-06,1-6,ios,<20
2021-03-06,7-12,android,<20
2021-03-06,7-12,ios,<20
2021-03-06,13-30,android,<20
2021-03-06,13-30,ios,<20
2021-03-06,30+,android,<20
2021-03-06,30+,ios,<20
2021-03-07,0,android,<20
2021-03-07,0,ios,<20
2021-03-07,1-6,android,<20
2021-03-07,1-6,ios,<20
2021-03-07,7-12,android,<20
2021-03-07,7-12,ios,<20
2021-03-07,13-30,android,<20
2021-03-07,13-30,ios,<20
2021-03-07,30+,android,<20
2021-03-07,30+,ios,<20
2021-03-08,0,android,<20
2021-03-08,0,ios,<20
2021-03-08,1-6,android,<20
2021-03-08,1-6,ios,<20
2021-03-08,7-12,android,<20
2021-03-08,7-12,ios,<20
2021-03-08,13-30,android,<20
2021-03-08,13-30,ios,<20
2021-03-08,30+,android,<20
2021-03-08,30+,ios,<20
2021-03-09,0,android,<20
2021-03-09,0,ios,<20
2021-03-09,1-6,android,<20
2021-03-09,1-6,ios,<20
2021-03-09,7-12,android,<20
2021-03-09,7-12,ios,<20
2021-03-09,13-30,android,<20
2021-03-09,13-30,ios,<20
2021-03-09,30+,android,<20
2021-03-09,30+,ios,<20
2021-03-10,0,android,<20
2021-03-10,0,ios,<20
2021-03-10,1-6,android,<20
2021-03-10,1-6,ios,<20
2021-03-10,7-12,android,<20
2021-03-10,7-12,ios,<20
2021-03-10,13-30,android,<20
2021-03-10,13-30,ios,<20
2021-03-10,30+,android,<20
2021-03-10,30+,ios,<20
2021-03-11,0,android,<20
2021-03-11,0,ios,<20
2021-03-11,1-6,android,<20
2021-03-11,1-6,ios,<20
2021-03-11,7-12,android,<20
2021-03-11,7-12,ios,<20
2021-03-11,13-30,android,<20
2021-03-11,13-30,ios,<20
2021-03-11,30+,android,<20
2021-03-11,30+,ios,<20
2021-03-12,0,android,<20
2021-03-12,0,ios,<20
2021-03-12,1-6,android,<20
2021-03-12,1-6,ios,<20
2021-03-12,7-12,android,<20
2021-03-12,7-12,ios,<20
2021-03-12,13-30,android,<20
2021-03-12,13-30,ios,<20
2021-03-12,30+,android,<20
2021-03-12,30+,ios,<20
2021-03-13,0,android,<20
2021-03-13,0,ios,<20
2021-03-13,1-6,android,<20
2021-03-13,1-6,ios,<20
2021-03-13,7-12,android,<20
2021-03-13,7-12,ios,<20
2021-03-13,13-30,android,<20
2021-03-13,13-30,ios,<20
2021-03-13,30+,android,<20
2021-03-13,30+,ios,<20
2021-03-14,0,android,<20
2021-03-14,0,ios,<20
2021-03-14,1-6,android,<20
2021-03-14,1-6,ios,<20
2021-03-14,7-12,android,<20
2021-03-14,7-12,ios,<20
2021-03-14,13-30,android,<20
2021-03-14,13-30,ios,<20
2021-03-14,30+,android,<20
2021-03-14,30+,ios,<20
2021-03-15,0,android,<20
2021-03-15,0,ios,<20
2021-03-15,1-6,android,<20
2021-03-15,1-6,ios,<20
2021-03-15,7-12,android,<20
2021-03-15,7-12,ios,<20
2021-03-15,13-30,android,<20
2021-03-15,13-30,ios,<20
2021-03-15,30+,android,<20
2021-03-15,30+,ios,<20
2021-03-16,0,android,<20
2021-03-16,0,ios,<20
2021-03-16,1-6,android,<20
2021-03-16,1-6,ios,<20
2021-03-16,7-12,android,<20
2021-03-16,7-12,ios,<20
2021-03-16,13-30,android,<20
2021-03-16,13-30,ios,<20
2021-03-16,30+,android,<20
2021-03-16,30+,ios,<20
2021-03-17,0,android,<20
2021-03-17,0,ios,<20
2021-03-17,1-6,android,<20
2021-03-17,1-6,ios,<20
2021-03-17,7-12,android,<20
2021-03-17,7-12,ios,<20
2021-03-17,13-30,android,<20
2021-03-17,13-30,ios,<20
2021-03-17,30+,android,<20
2021-03-17,30+,ios,<20
2021-03-18,0,android,<20
2021-03-18,0,ios,<20
2021-03-18,1-6,android,<20
2021-03-18,1-6,ios,<20
2021-03-18,7-12,android,<20
2021-03-18,7-12,ios,<20
2021-03-18,13-30,android,<20
2021-03-18,13-30,ios,<20
2021-03-18,30+,android,<20
2021-03-18,30+,ios,<20
2021-03-19,0,android,<20
2021-03-19,0,ios,<20
2021-03-19,1-6,android,<20
2021-03-19,1-6,ios,<20
2021-03-19,7-12,android,<20
2021-03-19,7-12,ios,<20
2021-03-19,13-30,android,<20
2021-03-19,13-30,ios,<20
2021-03-19,30+,android,<20
2021-03-19,30+,ios,<20
2021-03-20,0,android,<20
2021-03-20,0,ios,<20
2021-03-20,1-6,android,<20
2021-03-20,1-6,ios,<20
2021-03-20,7-12,android,<20
2021-03-20,7-12,ios,<20
2021-03-20,13-30,android,<20
2021-03-20,13-30,ios,<20
2021-03-20,30+,android,<20
2021-03-20,30+,ios,<20
2021-03-21,0,android,<20
2021-03-21,0,ios,<20
2021-03-21,1-6,android,<20
2021-03-21,1-6,ios,<20
2021-03-21,7-12,android,<20
2021-03-21,7-12,ios,<20
2021-03-21,13-30,android,<20
2021-03-21,13-30,ios,<20
2021-03-21,30+,android,<20
2021-03-21,30+,ios,<20
2021-03-22,0,android,<20
2021-03-22,0,ios,<20
2021-03-22,1-6,android,<20
2021-03-22,1-6,ios,<20
2021-03-22,7-12,android,<20
2021-03-22,7-12,ios,<20
2021-03-22,13-30,android,<20
2021-03-22,13-30,ios,<20
2021-03-22,30+,android,<20
2021-03-22,30+,ios,<20
2021-03-23,0,android,<20
2021-03-23,0,ios,<20
2021-03-23,1-6,android,<20
2021-03-23,1-6,ios,<20
2021-03-23,7-12,android,<20
2021-03-23,7-12,ios,<20
2021-03-23,13-30,android,<20
2021-03-23,13-30,ios,<20
2021-03-23,30+,android,<20
2021-03-23,30+,ios,<20
2021-03-24,0,android,<20
2021-03-24,0,ios,<20
2021-03-24,1-6,android,<20
2021-03-24,1-6,ios,<20
2021-03-24,7-12,android,<20
2021-03-24,7-12,ios,<20
2021-03-24,13-30,android,<20
2021-03-24,13-30,ios,<20
2021-03-24,30+,android,<20
2021-03-24,30+,ios,<20
2021-03-25,0,android,<20
2021-03-25,0,ios,<20
2021-03-25,1-6,android,<20
2021-03-25,1-6,ios,<20
2021-03-25,7-12,android,<20
2021-03-25,7-12,ios,<20
2021-03-25,13-30,android,<20
2021-03-25,13-30,ios,<20
2021-03-25,30+,android,<20
2021-03-25,30+,ios,<20
2021-03-26,0,android,<20
2021-03-26,0,ios,<20
2021-03-26,1-6,android,<20
2021-03-26,1-6,ios,<20
2021-03-26,7-12,android,<20
2021-03-26,7-12,ios,<20
2021-03-26,13-30,android,<20
2021-03-26,13-30,ios,<20
2021-03-26,30+,android,<20
2021-03-26,30+,ios,<20
2021-03-27,0,android,<20
2021-03-27,0,ios,<20
2021-03-27,1-6,android,<20
2021-03-27,1-6,ios,<20
2021-03-27,7-12,android,<20
2021-03-27,7-12,ios,<20
2021-03-27,13-30,android,<20
2021-03-27,13-30,ios,<20
2021-03-27,30+,android,<20
2021-03-27,30+,ios,<20
2021-03-28,0,android,<20
2021-03-28,0,ios,<20
2021-03-28,1-6,android,<20
2021-03-28,1-6,ios,<20
2021-03-28,7-12,android,<20
2021-03-28,7-12,ios,<20
2021-03-28,13-30,android,<20
2021-03-28,13-30,ios,<20
2021-03-28,30+,android,<20
2021-03-28,30+,ios,<20
2021-03-29,0,android,<20
2021-03-29,0,ios,<20
2021-03-29,1-6,android,<20
2021-03-29,1-6,ios,<20
2021-03-29,7-12,android,<20
2021-03-29,7-12,ios,<20
2021-03-29,13-30,android,<20
2021-03-29,13-30,ios,<20
2021-03-29,30+,android,<20
2021-03-29,30+,ios,<20
2021-03-30,0,android,<20
2021-03-30,0,ios,<20
2021-03-30,1-6,android,<20
2021-03-30,1-6,ios,<20
2021-03-30,7-12,android,<20
2021-03-30,7-12,ios,<20
2021-03-30,13-30,android,<20
2021-03-30,13-30,ios,<20
2021-03-30,30+,android,<20
2021-03-30,30+,ios,<20
2021-03-31,0,android,<20
2021-03-31,0,ios,<20
2021-03-31,1-6,android,<20
2021-03-31,1-6,ios,<20
2021-03-31,7-12,android,<20
2021-03-31,7-12,ios,<20
2021-03-31,13-30,android,<20
2021-03-31,13-30,ios,<20
2021-03-31,30+,android,<20
2021-03-31,30+,ios,<20
2021-04-01,0,android,<20
2021-04-01,0,ios,<20
2021-04-01,1-6,android,<20
2021-04-01,1-6,ios,<20
2021-04-01,7-12,android,<20
2021-04-01,7-12,ios,<20
2021-04-01,13-30,android,<20
2021-04-01,13-30,ios,<20
2021-04-01,30+,android,<20
2021-04-01,30+,ios,<20
2021-04-02,0,android,<20
2021-04-02,0,ios,<20
2021-04-02,1-6,android,<20
2021-04-02,1-6,ios,<20
2021-04-02,7-12,android,<20
2021-04-02,7-12,ios,<20
2021-04-02,13-30,android,<20
2021-04-02,13-30,ios,<20
2021-04-02,30+,android,<20
2021-04-02,30+,ios,<20
2021-04-03,0,android,<20
2021-04-03,0,ios,<20
2021-04-03,1-6,android,<20
2021-04-03,1-6,ios,<20
2021-04-03,7-12,android,<20
2021-04-03,7-12,ios,<20
2021-04-03,13-30,android,<20
2021-04-03,13-30,ios,<20
2021-04-03,30+,android,<20
2021-04-03,30+,ios,<20
2021-04-04,0,android,<20
2021-04-04,0,ios,<20
2021-04-04,1-6,android,<20
2021-04-04,1-6,ios,<20
2021-04-04,7-12,android,<20
2021-04-04,7-12,ios,<20
2021-04-04,13-30,android,<20
2021-04-04,13-30,ios,<20
2021-04-04,30+,android,<20
2021-04-04,30+,ios,<20
2021-04-05,0,android,<20
2021-04-05,0,ios,<20
2021-04-05,1-6,android,<20
2021-04-05,1-6,ios,<20
2021-04-05,7-12,android,<20
2021-04-05,7-12,ios,<20
2021-04-05,13-30,android,<20
2021-04-05,13-30,ios,<20
2021-04-05,30+,android,<20
2021-04-05,30+,ios,<20
2021-04-06,0,android,<20
2021-04-06,0,ios,<20
2021-04-06,1-6,android,<20
2021-04-06,1-6,ios,<20
2021-04-06,7-12,android,<20
2021-04-06,7-12,ios,<20
2021-04-06,13-30,android,<20
2021-04-06,13-30,ios,<20
2021-04-06,30+,android,<20
2021-04-06,30+,ios,<20
2021-04-07,0,android,<20
2021-04-07,0,ios,<20
2021-04-07,1-6,android,<20
2021-04-07,1-6,ios,<20
2021-04-07,7-12,android,<20
2021-04-07,7-12,ios,<20
2021-04-07,13-30,android,<20
2021-04-07,13-30,ios,<20
2021-04-07,30+,android,<20
2021-04-07,30+,ios,<20
2021-04-08,0,android,<20
2021-04-08,0,ios,<20
2021-04-08,1-6,android,<20
2021-04-08,1-6,ios,<20
2021-04-08,7-12,android,<20
2021-04-08,7-12,ios,<20
2021-04-08,13-30,android,<20
2021-04-08,13-30,ios,<20
2021-04-08,30+,android,<20
2021-04-08,30+,ios,<20
2021-04-09,0,android,<20
2021-04-09,0,ios,<20
2021-04-09,1-6,android,<20
2021-04-09,1-6,ios,<20
2021-04-09,7-12,android,<20
2021-04-09,7-12,ios,<20
2021-04-09,13-30,android,<20
2021-04-09,13-30,ios,<20
2021-04-09,30+,android,<20
2021-04-09,30+,ios,<20
2021-04-10,0,android,<20
2021-04-10,0,ios,<20
2021-04-10,1-6,android,<20
2021-04-10,1-6,ios,<20
2021-04-10,7-12,android,<20
2021-04-10,7-12,ios,<20
2021-04-10,13-30,android,<20
2021-04-10,13-30,ios,<20
2021-04-10,30+,android,<20
2021-04-10,30+,ios,<20
2021-04-11,0,android,<20
2021-04-11,0,ios,<20
2021-04-11,1-6,android,<20
2021-04-11,1-6,ios,<20
2021-04-11,7-12,android,<20
2021-04-11,7-12,ios,<20
2021-04-11,13-30,android,<20
2021-04-11,13-30,ios,<20
2021-04-11,30+,android,<20
2021-04-11,30+,ios,<20
2021-04-12,0,android,<20
2021-04-12,0,ios,<20
2021-04-12,1-6,android,<20
2021-04-12,1-6,ios,<20
2021-04-12,7-12,android,<20
2021-04-12,7-12,ios,<20
2021-04-12,13-30,android,<20
2021-04-12,13-30,ios,<20
2021-04-12,30+,android,<20
2021-04-12,30+,ios,<20
2021-04-13,0,android,<20
2021-04-13,0,ios,<20
2021-04-13,1-6,android,<20
2021-04-13,1-6,ios,<20
2021-04-13,7-12,android,<20
2021-04-13,7-12,ios,<20
2021-04-13,13-30,android,<20
2021-04-13,13-30,ios,<20
2021-04-13,30+,android,<20
2021-04-13,30+,ios,<20
2021-04-14,0,android,<20
2021-04-14,0,ios,<20
2021-04-14,1-6,android,<20
2021-04-14,1-6,ios,<20
2021-04-14,7-12,android,<20
2021-04-14,7-12,ios,<20
2021-04-14,13-30,android,<20
2021-04-14,13-30,ios,<20
2021-04-14,30+,android,<20
2021-04-14,30+,ios,<20
2021-04-15,0,android,<20
2021-04-15,0,ios,<20
2021-04-15,1-6,android,<20
2021-04-15,1-6,ios,<20
2021-04-15,7-12,android,<20
2021-04-15,7-12,ios,<20
2021-04-15,13-30,android,<20
2021-04-15,13-30,ios,<20
2021-04-15,30+,android,<20
2021-04-15,30+,ios,<20
2021-04-16,0,android,<20
2021-04-16,0,ios,<20
2021-04-16,1-6,android,<20
2021-04-16,1-6,ios,<20
2021-04-16,7-12,android,<20
2021-04-16,7-12,ios,<20
2021-04-16,13-30,android,<20
2021-04-16,13-30,ios,<20
2021-04-16,30+,android,<20
2021-04-16,30+,ios,<20
2021-04-17,0,android,<20
2021-04-17,0,ios,<20
2021-04-17,1-6,android,<20
2021-04-17,1-6,ios,<20
2021-04-17,7-12,android,<20
2021-04-17,7-12,ios,<20
2021-04-17,13-30,android,<20
2021-04-17,13-30,ios,<20
2021-04-17,30+,android,<20
2021-04-17,30+,ios,<20
2021-04-18,0,android,<20
2021-04-18,0,ios,<20
2021-04-18,1-6,android,<20
2021-04-18,1-6,ios,<20
2021-04-18,7-12,android,<20
2021-04-18,7-12,ios,<20
2021-04-18,13-30,android,<20
2021-04-18,13-30,ios,<20
2021-04-18,30+,android,<20
2021-04-18,30+,ios,<20
2021-04-19,0,android,<20
2021-04-19,0,ios,<20
2021-04-19,1-6,android,<20
2021-04-19,1-6,ios,<20
2021-04-19,7-12,android,<20
2021-04-19,7-12,ios,<20
2021-04-19,13-30,android,<20
2021-04-19,13-30,ios,<20
2021-04-19,30+,android,<20
2021-04-19,30+,ios,<20
2021-04-20,0,android,<20
2021-04-20,0,ios,<20
2021-04-20,1-6,android,<20
2021-04-20,1-6,ios,<20
2021-04-20,7-12,android,<20
2021-04-20,7-12,ios,<20
2021-04-20,13-30,android,<20
2021-04-20,13-30,ios,<20
2021-04-20,30+,android,<20
2021-04-20,30+,ios,<20
2021-04-21,0,android,<20
2021-04-21,0,ios,<20
2021-04-21,1-6,android,<20
2021-04-21,1-6,ios,<20
2021-04-21,7-12,android,<20
2021-04-21,7-12,ios,<20
2021-04-21,13-30,android,<20
2021-04-21,13-30,ios,<20
2021-04-21,30+,android,<20
2021-04-21,30+,ios,<20
2021-04-22,0,android,<20
2021-04-22,0,ios,<20
2021-04-22,1-6,android,<20
2021-04-22,1-6,ios,<20
2021-04-22,7-12,android,<20
2021-04-22,7-12,ios,<20
2021-04-22,13-30,android,<20
2021-04-22,13-30,ios,<20
2021-04-22,30+,android,<20
2021-04-22,30+,ios,<20
2021-04-23,0,android,<20
2021-04-23,0,ios,<20
2021-04-23,1-6,android,<20
2021-04-23,1-6,ios,<20
2021-04-23,7-12,android,<20
2021-04-23,7-12,ios,<20
2021-04-23,13-30,android,<20
2021-04-23,13-30,ios,<20
2021-04-23,30+,android,<20
2021-04-23,30+,ios,<20
2021-04-24,0,android,<20
2021-04-24,0,ios,<20
2021-04-24,1-6,android,<20
2021-04-24,1-6,ios,<20
2021-04-24,7-12,android,<20
2021-04-24,7-12,ios,<20
2021-04-24,13-30,android,<20
2021-04-24,13-30,ios,<20
2021-04-24,30+,android,<20
2021-04-24,30+,ios,<20
2021-04-25,0,android,<20
2021-04-25,0,ios,<20
2021-04-25,1-6,android,<20
2021-04-25,1-6,ios,<20
2021-04-25,7-12,android,<20
2021-04-25,7-12,ios,<20
2021-04-25,13-30,android,<20
2021-04-25,13-30,ios,<20
2021-04-25,30+,android,<20
2021-04-25,30+,ios,<20
2021-04-26,0,android,<20
2021-04-26,0,ios,<20
2021-04-26,1-6,android,<20
2021-04-26,1-6,ios,<20
2021-04-26,7-12,android,<20
2021-04-26,7-12,ios,<20
2021-04-26,13-30,android,<20
2021-04-26,13-30,ios,<20
2021-04-26,30+,android,<20
2021-04-26,30+,ios,<20
2021-04-27,0,android,<20
2021-04-27,0,ios,<20
2021-04-27,1-6,android,<20
2021-04-27,1-6,ios,<20
2021-04-27,7-12,android,<20
2021-04-27,7-12,ios,<20
2021-04-27,13-30,android,<20
2021-04-27,13-30,ios,<20
2021-04-27,30+,android,<20
2021-04-27,30+,ios,<20
2021-04-28,0,android,<20
2021-04-28,0,ios,<20
2021-04-28,1-6,android,<20
2021-04-28,1-6,ios,<20
2021-04-28,7-12,android,<20
2021-04-28,7-12,ios,<20
2021-04-28,13-30,android,<20
2021-04-28,13-30,ios,<20
2021-04-28,30+,android,<20
2021-04-28,30+,ios,<20
2021-04-29,0,android,<20
2021-04-29,0,ios,<20
2021-04-29,1-6,android,<20
2021-04-29,1-6,ios,<20
2021-04-29,7-12,android,<20
2021-04-29,7-12,ios,<20
2021-04-29,13-30,android,<20
2021-04-29,13-30,ios,<20
2021-04-29,30+,android,<20
2021-04-29,30+,ios,<20
2021-04-30,0,android,<20
2021-04-30,0,ios,<20
2021-04-30,1-6,android,<20
2021-04-30,1-6,ios,<20
2021-04-30,7-12,android,<20
2021-04-30,7-12,ios,<20
2021-04-30,13-30,android,<20
2021-04-30,13-30,ios,<20
2021-04-30,30+,android,<20
2021-04-30,30+,ios,<20
2021-05-01,0,android,<20
2021-05-01,0,ios,<20
2021-05-01,1-6,android,<20
2021-05-01,1-6,ios,<20
2021-05-01,7-12,android,<20
2021-05-01,7-12,ios,<20
2021-05-01,13-30,android,<20
2021-05-01,13-30,ios,<20
2021-05-01,30+,android,<20
2021-05-01,30+,ios,<20
2021-05-02,0,android,<20
2021-05-02,0,ios,<20
2021-05-02,1-6,android,<20
2021-05-02,1-6,ios,<20
2021-05-02,7-12,android,<20
2021-05-02,7-12,ios,<20
2021-05-02,13-30,android,<20
2021-05-02,13-30,ios,<20
2021-05-02,30+,android,<20
2021-05-02,30+,ios,<20
2021-05-03,0,android,<20
2021-05-03,0,ios,<20
2021-05-03,1-6,android,<20
2021-05-03,1-6,ios,<20
2021-05-03,7-12,android,<20
2021-05-03,7-12,ios,<20
2021-05-03,13-30,android,<20
2021-05-03,13-30,ios,<20
2021-05-03,30+,android,<20
2021-05-03,30+,ios,<20
2021-05-04,0,android,<20
2021-05-04,0,ios,<20
2021-05-04,1-6,android,<20
2021-05-04,1-6,ios,<20
2021-05-04,7-12,android,<20
2021-05-04,7-12,ios,<20
2021-05-04,13-30,android,<20
2021-05-04,13-30,ios,<20
2021-05-04,30+,android,<20
2021-05-04,30+,ios,<20
2021-05-05,0,android,<20
2021-05-05,0,ios,<20
2021-05-05,1-6,android,<20
2021-05-05,1-6,ios,<20
2021-05-05,7-12,android,<20
2021-05-05,7-12,ios,<20
2021-05-05,13-30,android,<20
2021-05-05,13-30,ios,<20
2021-05-05,30+,android,<20
2021-05-05,30+,ios,<20
2021-05-06,0,android,<20
2021-05-06,0,ios,<20
2021-05-06,1-6,android,<20
2021-05-06,1-6,ios,<20
2021-05-06,7-12,android,<20
2021-05-06,7-12,ios,<20
2021-05-06,13-30,android,<20
2021-05-06,13-30,ios,<20
2021-05-06,30+,android,<20
2021-05-06,30+,ios,<20
2021-05-07,0,android,<20
2021-05-07,0,ios,<20
2021-05-07,1-6,android,<20
2021-05-07,1-6,ios,<20
2021-05-07,7-12,android,<20
2021-05-07,7-12,ios,<20
2021-05-07,13-30,android,<20
2021-05-07,13-30,ios,<20
2021-05-07,30+,android,<20
2021-05-07,30+,ios,<20
2021-05-08,0,android,<20
2021-05-08,0,ios,<20
2021-05-08,1-6,android,<20
2021-05-08,1-6,ios,<20
2021-05-08,7-12,android,<20
2021-05-08,7-12,ios,<20
2021-05-08,13-30,android,<20
2021-05-08,13-30,ios,<20
2021-05-08,30+,android,<20
2021-05-08,30+,ios,<20
2021-05-09,0,android,<20
2021-05-09,0,ios,<20
2021-05-09,1-6,android,<20
2021-05-09,1-6,ios,<20
2021-05-09,7-12,android,<20
2021-05-09,7-12,ios,<20
2021-05-09,13-30,android,<20
2021-05-09,13-30,ios,<20
2021-05-09,30+,android,<20
2021-05-09,30+,ios,<20
2021-05-10,0,android,<20
2021-05-10,0,ios,<20
2021-05-10,1-6,android,<20
2021-05-10,1-6,ios,<20
2021-05-10,7-12,android,<20
2021-05-10,7-12,ios,<20
2021-05-10,13-30,android,<20
2021-05-10,13-30,ios,<20
2021-05-10,30+,android,<20
2021-05-10,30+,ios,<20
2021-05-11,0,android,<20
2021-05-11,0,ios,<20
2021-05-11,1-6,android,<20
2021-05-11,1-6,ios,<20
2021-05-11,7-12,android,<20
2021-05-11,7-12,ios,<20
2021-05-11,13-30,android,<20
2021-05-11,13-30,ios,<20
2021-05-11,30+,android,<20
2021-05-11,30+,ios,<20
2021-05-12,0,android,<20
2021-05-12,0,ios,<20
2021-05-12,1-6,android,<20
2021-05-12,1-6,ios,<20
2021-05-12,7-12,android,<20
2021-05-12,7-12,ios,<20
2021-05-12,13-30,android,<20
2021-05-12,13-30,ios,<20
2021-05-12,30+,android,<20
2021-05-12,30+,ios,<20
2021-05-13,0,android,<20
2021-05-13,0,ios,<20
2021-05-13,1-6,android,<20
2021-05-13,1-6,ios,<20
2021-05-13,7-12,android,<20
2021-05-13,7-12,ios,<20
2021-05-13,13-30,android,<20
2021-05-13,13-30,ios,<20
2021-05-13,30+,android,<20
2021-05-13,30+,ios,<20
2021-05-14,0,android,<20
2021-05-14,0,ios,<20
2021-05-14,1-6,android,<20
2021-05-14,1-6,ios,<20
2021-05-14,7-12,android,<20
2021-05-14,7-12,ios,<20
2021-05-14,13-30,android,<20
2021-05-14,13-30,ios,<20
2021-05-14,30+,android,<20
2021-05-14,30+,ios,<20
2021-05-15,0,android,<20
2021-05-15,0,ios,<20
2021-05-15,1-6,android,<20
2021-05-15,1-6,ios,<20
2021-05-15,7-12,android,<20
2021-05-15,7-12,ios,<20
2021-05-15,13-30,android,<20
2021-05-15,13-30,ios,<20
2021-05-15,30+,android,<20
2021-05-15,30+,ios,<20
2021-05-16,0,android,<20
2021-05-16,0,ios,<20
2021-05-16,1-6,android,<20
2021-05-16,1-6,ios,<20
2021-05-16,7-12,android,<20
2021-05-16,7-12,ios,<20
2021-05-16,13-30,android,<20
2021-05-16,13-30,ios,<20
2021-05-16,30+,android,<20
2021-05-16,30+,ios,<20
2021-05-17,0,android,<20
2021-05-17,0,ios,<20
2021-05-17,1-6,android,<20
2021-05-17,1-6,ios,<20
2021-05-17,7-12,android,<20
2021-05-17,7-12,ios,<20
2021-05-17,13-30,android,<20
2021-05-17,13-30,ios,<20
2021-05-17,30+,android,<20
2021-05-17,30+,ios,<20
2021-05-18,0,android,<20
2021-05-18,0,ios,<20
2021-05-18,1-6,android,<20
2021-05-18,1-6,ios,<20
2021-05-18,7-12,android,<20
2021-05-18,7-12,ios,<20
2021-05-18,13-30,android,<20
2021-05-18,13-30,ios,<20
2021-05-18,30+,android,<20
2021-05-18,30+,ios,<20
2021-05-19,0,android,<20
2021-05-19,0,ios,<20
2021-05-19,1-6,android,<20
2021-05-19,1-6,ios,<20
2021-05-19,7-12,android,<20
2021-05-19,7-12,ios,<20
2021-05-19,13-30,android,<20
2021-05-19,13-30,ios,<20
2021-05-19,30+,android,<20
2021-05-19,30+,ios,<20
2021-05-20,0,android,<20
2021-05-20,0,ios,<20
2021-05-20,1-6,android,<20
2021-05-20,1-6,ios,<20
2021-05-20,7-12,android,<20
2021-05-20,7-12,ios,<20
2021-05-20,13-30,android,<20
2021-05-20,13-30,ios,<20
2021-05-20,30+,android,<20
2021-05-20,30+,ios,<20
2021-05-21,0,android,<20
2021-05-21,0,ios,<20
2021-05-21,1-6,android,<20
2021-05-21,1-6,ios,<20
2021-05-21,7-12,android,<20
2021-05-21,7-12,ios,<20
2021-05-21,13-30,android,<20
2021-05-21,13-30,ios,<20
2021-05-21,30+,android,<20
2021-05-21,30+,ios,<20
2021-05-22,0,android,<20
2021-05-22,0,ios,<20
2021-05-22,1-6,android,<20
2021-05-22,1-6,ios,<20
2021-05-22,7-12,android,<20
2021-05-22,7-12,ios,<20
2021-05-22,13-30,android,<20
2021-05-22,13-30,ios,<20
2021-05-22,30+,android,<20
2021-05-22,30+,ios,<20
2021-05-23,0,android,<20
2021-05-23,0,ios,<20
2021-05-23,1-6,android,<20
2021-05-23,1-6,ios,<20
2021-05-23,7-12,android,<20
2021-05-23,7-12,ios,<20
2021-05-23,13-30,android,<20
2021-05-23,13-30,ios,<20
2021-05-23,30+,android,<20
2021-05-23,30+,ios,<20
2021-05-24,0,android,<20
2021-05-24,0,ios,<20
2021-05-24,1-6,android,<20
2021-05-24,1-6,ios,<20
2021-05-24,7-12,android,<20
2021-05-24,7-12,ios,<20
2021-05-24,13-30,android,<20
2021-05-24,13-30,ios,<20
2021-05-24,30+,android,<20
2021-05-24,30+,ios,<20
2021-05-25,0,android,<20
2021-05-25,0,ios,<20
2021-05-25,1-6,android,<20
2021-05-25,1-6,ios,<20
2021-05-25,7-12,android,<20
2021-05-25,7-12,ios,<20
2021-05-25,13-30,android,<20
2021-05-25,13-30,ios,<20
2021-05-25,30+,android,<20
2021-05-25,30+,ios,<20
