date,region,count-nombre
2021-02-26,AB,0
2021-02-26,BC,0
2021-02-26,MB,0
2021-02-26,NB,0
2021-02-26,NL,0
2021-02-26,NT,0
2021-02-26,NS,0
2021-02-26,NU,0
2021-02-26,ON,6
2021-02-26,PE,0
2021-02-26,QC,0
2021-02-26,SK,0
2021-02-26,YT,0
2021-02-26,npts-ptso,0
2021-02-27,AB,0
2021-02-27,BC,0
2021-02-27,MB,0
2021-02-27,NB,0
2021-02-27,NL,0
2021-02-27,NT,0
2021-02-27,NS,0
2021-02-27,NU,0
2021-02-27,ON,0
2021-02-27,PE,0
2021-02-27,QC,0
2021-02-27,SK,0
2021-02-27,YT,0
2021-02-27,npts-ptso,0
2021-02-28,AB,0
2021-02-28,BC,0
2021-02-28,MB,0
2021-02-28,NB,0
2021-02-28,NL,0
2021-02-28,NT,0
2021-02-28,NS,0
2021-02-28,NU,0
2021-02-28,ON,0
2021-02-28,PE,0
2021-02-28,QC,0
2021-02-28,SK,0
2021-02-28,YT,0
2021-02-28,npts-ptso,0
2021-03-01,AB,0
2021-03-01,BC,0
2021-03-01,MB,0
2021-03-01,NB,0
2021-03-01,NL,0
2021-03-01,NT,0
2021-03-01,NS,0
2021-03-01,NU,0
2021-03-01,ON,0
2021-03-01,PE,0
2021-03-01,QC,0
2021-03-01,SK,0
2021-03-01,YT,0
2021-03-01,npts-ptso,0
2021-03-02,AB,0
2021-03-02,BC,0
2021-03-02,MB,0
2021-03-02,NB,0
2021-03-02,NL,0
2021-03-02,NT,0
2021-03-02,NS,0
2021-03-02,NU,0
2021-03-02,ON,2
2021-03-02,PE,0
2021-03-02,QC,0
2021-03-02,SK,0
2021-03-02,YT,0
2021-03-02,npts-ptso,0
2021-03-03,AB,0
2021-03-03,BC,0
2021-03-03,MB,0
2021-03-03,NB,0
2021-03-03,NL,0
2021-03-03,NT,0
2021-03-03,NS,0
2021-03-03,NU,0
2021-03-03,ON,0
2021-03-03,PE,0
2021-03-03,QC,0
2021-03-03,SK,0
2021-03-03,YT,0
2021-03-03,npts-ptso,0
2021-03-04,AB,0
2021-03-04,BC,0
2021-03-04,MB,0
2021-03-04,NB,0
2021-03-04,NL,0
2021-03-04,NT,0
2021-03-04,NS,0
2021-03-04,NU,0
2021-03-04,ON,0
2021-03-04,PE,0
2021-03-04,QC,0
2021-03-04,SK,0
2021-03-04,YT,0
2021-03-04,npts-ptso,0
2021-03-05,AB,0
2021-03-05,BC,0
2021-03-05,MB,0
2021-03-05,NB,0
2021-03-05,NL,0
2021-03-05,NT,0
2021-03-05,NS,0
2021-03-05,NU,0
2021-03-05,ON,0
2021-03-05,PE,0
2021-03-05,QC,0
2021-03-05,SK,0
2021-03-05,YT,0
2021-03-05,npts-ptso,0
2021-03-06,AB,0
2021-03-06,BC,0
2021-03-06,MB,0
2021-03-06,NB,0
2021-03-06,NL,0
2021-03-06,NT,0
2021-03-06,NS,0
2021-03-06,NU,0
2021-03-06,ON,0
2021-03-06,PE,0
2021-03-06,QC,0
2021-03-06,SK,0
2021-03-06,YT,0
2021-03-06,npts-ptso,0
2021-03-07,AB,0
2021-03-07,BC,0
2021-03-07,MB,0
2021-03-07,NB,0
2021-03-07,NL,0
2021-03-07,NT,0
2021-03-07,NS,0
2021-03-07,NU,0
2021-03-07,ON,0
2021-03-07,PE,0
2021-03-07,QC,0
2021-03-07,SK,0
2021-03-07,YT,0
2021-03-07,npts-ptso,0
2021-03-08,AB,0
2021-03-08,BC,0
2021-03-08,MB,0
2021-03-08,NB,0
2021-03-08,NL,0
2021-03-08,NT,0
2021-03-08,NS,0
2021-03-08,NU,0
2021-03-08,ON,0
2021-03-08,PE,0
2021-03-08,QC,0
2021-03-08,SK,0
2021-03-08,YT,0
2021-03-08,npts-ptso,0
2021-03-09,AB,0
2021-03-09,BC,0
2021-03-09,MB,0
2021-03-09,NB,0
2021-03-09,NL,0
2021-03-09,NT,0
2021-03-09,NS,0
2021-03-09,NU,0
2021-03-09,ON,0
2021-03-09,PE,0
2021-03-09,QC,0
2021-03-09,SK,0
2021-03-09,YT,0
2021-03-09,npts-ptso,0
2021-03-10,AB,0
2021-03-10,BC,0
2021-03-10,MB,0
2021-03-10,NB,0
2021-03-10,NL,0
2021-03-10,NT,0
2021-03-10,NS,0
2021-03-10,NU,0
2021-03-10,ON,0
2021-03-10,PE,0
2021-03-10,QC,0
2021-03-10,SK,0
2021-03-10,YT,0
2021-03-10,npts-ptso,0
2021-03-11,AB,0
2021-03-11,BC,0
2021-03-11,MB,0
2021-03-11,NB,0
2021-03-11,NL,0
2021-03-11,NT,0
2021-03-11,NS,0
2021-03-11,NU,0
2021-03-11,ON,0
2021-03-11,PE,0
2021-03-11,QC,0
2021-03-11,SK,0
2021-03-11,YT,0
2021-03-11,npts-ptso,0
2021-03-12,AB,0
2021-03-12,BC,0
2021-03-12,MB,0
2021-03-12,NB,0
2021-03-12,NL,0
2021-03-12,NT,0
2021-03-12,NS,0
2021-03-12,NU,0
2021-03-12,ON,0
2021-03-12,PE,0
2021-03-12,QC,0
2021-03-12,SK,0
2021-03-12,YT,0
2021-03-12,npts-ptso,0
2021-03-13,AB,0
2021-03-13,BC,0
2021-03-13,MB,0
2021-03-13,NB,0
2021-03-13,NL,0
2021-03-13,NT,0
2021-03-13,NS,0
2021-03-13,NU,0
2021-03-13,ON,0
2021-03-13,PE,0
2021-03-13,QC,0
2021-03-13,SK,0
2021-03-13,YT,0
2021-03-13,npts-ptso,0
2021-03-14,AB,0
2021-03-14,BC,0
2021-03-14,MB,0
2021-03-14,NB,0
2021-03-14,NL,0
2021-03-14,NT,0
2021-03-14,NS,0
2021-03-14,NU,0
2021-03-14,ON,0
2021-03-14,PE,0
2021-03-14,QC,0
2021-03-14,SK,0
2021-03-14,YT,0
2021-03-14,npts-ptso,0
2021-03-15,AB,0
2021-03-15,BC,0
2021-03-15,MB,0
2021-03-15,NB,0
2021-03-15,NL,0
2021-03-15,NT,0
2021-03-15,NS,0
2021-03-15,NU,0
2021-03-15,ON,0
2021-03-15,PE,0
2021-03-15,QC,0
2021-03-15,SK,0
2021-03-15,YT,0
2021-03-15,npts-ptso,0
2021-03-16,AB,0
2021-03-16,BC,0
2021-03-16,MB,0
2021-03-16,NB,0
2021-03-16,NL,0
2021-03-16,NT,0
2021-03-16,NS,0
2021-03-16,NU,0
2021-03-16,ON,0
2021-03-16,PE,0
2021-03-16,QC,0
2021-03-16,SK,0
2021-03-16,YT,0
2021-03-16,npts-ptso,0
2021-03-17,AB,0
2021-03-17,BC,0
2021-03-17,MB,0
2021-03-17,NB,0
2021-03-17,NL,0
2021-03-17,NT,0
2021-03-17,NS,0
2021-03-17,NU,0
2021-03-17,ON,0
2021-03-17,PE,0
2021-03-17,QC,0
2021-03-17,SK,0
2021-03-17,YT,0
2021-03-17,npts-ptso,0
2021-03-18,AB,0
2021-03-18,BC,0
2021-03-18,MB,0
2021-03-18,NB,0
2021-03-18,NL,0
2021-03-18,NT,0
2021-03-18,NS,0
2021-03-18,NU,0
2021-03-18,ON,0
2021-03-18,PE,0
2021-03-18,QC,0
2021-03-18,SK,0
2021-03-18,YT,0
2021-03-18,npts-ptso,0
2021-03-19,AB,0
2021-03-19,BC,0
2021-03-19,MB,0
2021-03-19,NB,0
2021-03-19,NL,0
2021-03-19,NT,0
2021-03-19,NS,0
2021-03-19,NU,0
2021-03-19,ON,0
2021-03-19,PE,0
2021-03-19,QC,0
2021-03-19,SK,0
2021-03-19,YT,0
2021-03-19,npts-ptso,0
2021-03-20,AB,0
2021-03-20,BC,0
2021-03-20,MB,0
2021-03-20,NB,0
2021-03-20,NL,0
2021-03-20,NT,0
2021-03-20,NS,0
2021-03-20,NU,0
2021-03-20,ON,0
2021-03-20,PE,0
2021-03-20,QC,0
2021-03-20,SK,0
2021-03-20,YT,0
2021-03-20,npts-ptso,0
2021-03-21,AB,0
2021-03-21,BC,0
2021-03-21,MB,0
2021-03-21,NB,0
2021-03-21,NL,0
2021-03-21,NT,0
2021-03-21,NS,0
2021-03-21,NU,0
2021-03-21,ON,0
2021-03-21,PE,0
2021-03-21,QC,0
2021-03-21,SK,0
2021-03-21,YT,0
2021-03-21,npts-ptso,0
2021-03-22,AB,0
2021-03-22,BC,0
2021-03-22,MB,0
2021-03-22,NB,0
2021-03-22,NL,0
2021-03-22,NT,0
2021-03-22,NS,0
2021-03-22,NU,0
2021-03-22,ON,0
2021-03-22,PE,0
2021-03-22,QC,0
2021-03-22,SK,0
2021-03-22,YT,0
2021-03-22,npts-ptso,0
2021-03-23,AB,0
2021-03-23,BC,0
2021-03-23,MB,0
2021-03-23,NB,0
2021-03-23,NL,0
2021-03-23,NT,0
2021-03-23,NS,0
2021-03-23,NU,0
2021-03-23,ON,0
2021-03-23,PE,0
2021-03-23,QC,0
2021-03-23,SK,0
2021-03-23,YT,0
2021-03-23,npts-ptso,0
2021-03-24,AB,0
2021-03-24,BC,0
2021-03-24,MB,0
2021-03-24,NB,0
2021-03-24,NL,0
2021-03-24,NT,0
2021-03-24,NS,0
2021-03-24,NU,0
2021-03-24,ON,2
2021-03-24,PE,0
2021-03-24,QC,0
2021-03-24,SK,0
2021-03-24,YT,0
2021-03-24,npts-ptso,0
2021-03-25,AB,0
2021-03-25,BC,0
2021-03-25,MB,0
2021-03-25,NB,0
2021-03-25,NL,0
2021-03-25,NT,0
2021-03-25,NS,0
2021-03-25,NU,0
2021-03-25,ON,2
2021-03-25,PE,0
2021-03-25,QC,0
2021-03-25,SK,0
2021-03-25,YT,0
2021-03-25,npts-ptso,0
2021-03-26,AB,0
2021-03-26,BC,0
2021-03-26,MB,0
2021-03-26,NB,0
2021-03-26,NL,0
2021-03-26,NT,0
2021-03-26,NS,0
2021-03-26,NU,0
2021-03-26,ON,0
2021-03-26,PE,0
2021-03-26,QC,0
2021-03-26,SK,0
2021-03-26,YT,0
2021-03-26,npts-ptso,0
2021-03-27,AB,0
2021-03-27,BC,0
2021-03-27,MB,0
2021-03-27,NB,0
2021-03-27,NL,0
2021-03-27,NT,0
2021-03-27,NS,0
2021-03-27,NU,0
2021-03-27,ON,0
2021-03-27,PE,0
2021-03-27,QC,0
2021-03-27,SK,0
2021-03-27,YT,0
2021-03-27,npts-ptso,0
2021-03-28,AB,0
2021-03-28,BC,0
2021-03-28,MB,0
2021-03-28,NB,0
2021-03-28,NL,0
2021-03-28,NT,0
2021-03-28,NS,0
2021-03-28,NU,0
2021-03-28,ON,0
2021-03-28,PE,0
2021-03-28,QC,0
2021-03-28,SK,0
2021-03-28,YT,0
2021-03-28,npts-ptso,0
2021-03-29,AB,0
2021-03-29,BC,0
2021-03-29,MB,0
2021-03-29,NB,0
2021-03-29,NL,0
2021-03-29,NT,0
2021-03-29,NS,0
2021-03-29,NU,0
2021-03-29,ON,0
2021-03-29,PE,0
2021-03-29,QC,0
2021-03-29,SK,0
2021-03-29,YT,0
2021-03-29,npts-ptso,0
2021-03-30,AB,0
2021-03-30,BC,0
2021-03-30,MB,0
2021-03-30,NB,0
2021-03-30,NL,0
2021-03-30,NT,0
2021-03-30,NS,0
2021-03-30,NU,0
2021-03-30,ON,0
2021-03-30,PE,0
2021-03-30,QC,0
2021-03-30,SK,0
2021-03-30,YT,0
2021-03-30,npts-ptso,0
2021-03-31,AB,0
2021-03-31,BC,0
2021-03-31,MB,0
2021-03-31,NB,0
2021-03-31,NL,0
2021-03-31,NT,0
2021-03-31,NS,0
2021-03-31,NU,0
2021-03-31,ON,20
2021-03-31,PE,0
2021-03-31,QC,0
2021-03-31,SK,0
2021-03-31,YT,0
2021-03-31,npts-ptso,0
2021-04-01,AB,0
2021-04-01,BC,0
2021-04-01,MB,0
2021-04-01,NB,0
2021-04-01,NL,0
2021-04-01,NT,0
2021-04-01,NS,0
2021-04-01,NU,0
2021-04-01,ON,3
2021-04-01,PE,0
2021-04-01,QC,0
2021-04-01,SK,0
2021-04-01,YT,0
2021-04-01,npts-ptso,0
2021-04-02,AB,0
2021-04-02,BC,0
2021-04-02,MB,0
2021-04-02,NB,0
2021-04-02,NL,0
2021-04-02,NT,0
2021-04-02,NS,0
2021-04-02,NU,0
2021-04-02,ON,0
2021-04-02,PE,0
2021-04-02,QC,0
2021-04-02,SK,0
2021-04-02,YT,0
2021-04-02,npts-ptso,0
2021-04-03,AB,0
2021-04-03,BC,0
2021-04-03,MB,0
2021-04-03,NB,0
2021-04-03,NL,0
2021-04-03,NT,0
2021-04-03,NS,0
2021-04-03,NU,0
2021-04-03,ON,0
2021-04-03,PE,0
2021-04-03,QC,0
2021-04-03,SK,0
2021-04-03,YT,0
2021-04-03,npts-ptso,0
2021-04-04,AB,0
2021-04-04,BC,0
2021-04-04,MB,0
2021-04-04,NB,0
2021-04-04,NL,0
2021-04-04,NT,0
2021-04-04,NS,0
2021-04-04,NU,0
2021-04-04,ON,0
2021-04-04,PE,0
2021-04-04,QC,0
2021-04-04,SK,0
2021-04-04,YT,0
2021-04-04,npts-ptso,0
2021-04-05,AB,0
2021-04-05,BC,0
2021-04-05,MB,0
2021-04-05,NB,0
2021-04-05,NL,0
2021-04-05,NT,0
2021-04-05,NS,0
2021-04-05,NU,0
2021-04-05,ON,0
2021-04-05,PE,0
2021-04-05,QC,0
2021-04-05,SK,0
2021-04-05,YT,0
2021-04-05,npts-ptso,0
2021-04-06,AB,0
2021-04-06,BC,0
2021-04-06,MB,0
2021-04-06,NB,0
2021-04-06,NL,0
2021-04-06,NT,0
2021-04-06,NS,0
2021-04-06,NU,0
2021-04-06,ON,0
2021-04-06,PE,0
2021-04-06,QC,0
2021-04-06,SK,0
2021-04-06,YT,0
2021-04-06,npts-ptso,0
2021-04-07,AB,0
2021-04-07,BC,0
2021-04-07,MB,0
2021-04-07,NB,0
2021-04-07,NL,0
2021-04-07,NT,0
2021-04-07,NS,0
2021-04-07,NU,0
2021-04-07,ON,0
2021-04-07,PE,0
2021-04-07,QC,0
2021-04-07,SK,0
2021-04-07,YT,0
2021-04-07,npts-ptso,0
2021-04-08,AB,0
2021-04-08,BC,0
2021-04-08,MB,0
2021-04-08,NB,0
2021-04-08,NL,0
2021-04-08,NT,0
2021-04-08,NS,0
2021-04-08,NU,0
2021-04-08,ON,10
2021-04-08,PE,0
2021-04-08,QC,0
2021-04-08,SK,0
2021-04-08,YT,0
2021-04-08,npts-ptso,0
2021-04-09,AB,0
2021-04-09,BC,0
2021-04-09,MB,0
2021-04-09,NB,0
2021-04-09,NL,0
2021-04-09,NT,0
2021-04-09,NS,0
2021-04-09,NU,0
2021-04-09,ON,55
2021-04-09,PE,0
2021-04-09,QC,0
2021-04-09,SK,0
2021-04-09,YT,0
2021-04-09,npts-ptso,0
2021-04-10,AB,0
2021-04-10,BC,0
2021-04-10,MB,0
2021-04-10,NB,0
2021-04-10,NL,0
2021-04-10,NT,0
2021-04-10,NS,0
2021-04-10,NU,0
2021-04-10,ON,4
2021-04-10,PE,0
2021-04-10,QC,0
2021-04-10,SK,0
2021-04-10,YT,0
2021-04-10,npts-ptso,0
2021-04-11,AB,0
2021-04-11,BC,0
2021-04-11,MB,0
2021-04-11,NB,0
2021-04-11,NL,0
2021-04-11,NT,0
2021-04-11,NS,0
2021-04-11,NU,0
2021-04-11,ON,0
2021-04-11,PE,0
2021-04-11,QC,0
2021-04-11,SK,0
2021-04-11,YT,0
2021-04-11,npts-ptso,0
2021-04-12,AB,0
2021-04-12,BC,0
2021-04-12,MB,0
2021-04-12,NB,0
2021-04-12,NL,0
2021-04-12,NT,0
2021-04-12,NS,0
2021-04-12,NU,0
2021-04-12,ON,1
2021-04-12,PE,0
2021-04-12,QC,0
2021-04-12,SK,0
2021-04-12,YT,0
2021-04-12,npts-ptso,0
2021-04-13,AB,0
2021-04-13,BC,0
2021-04-13,MB,0
2021-04-13,NB,0
2021-04-13,NL,0
2021-04-13,NT,0
2021-04-13,NS,0
2021-04-13,NU,0
2021-04-13,ON,1
2021-04-13,PE,0
2021-04-13,QC,0
2021-04-13,SK,0
2021-04-13,YT,0
2021-04-13,npts-ptso,0
2021-04-14,AB,0
2021-04-14,BC,0
2021-04-14,MB,0
2021-04-14,NB,0
2021-04-14,NL,0
2021-04-14,NT,0
2021-04-14,NS,0
2021-04-14,NU,0
2021-04-14,ON,0
2021-04-14,PE,0
2021-04-14,QC,0
2021-04-14,SK,0
2021-04-14,YT,0
2021-04-14,npts-ptso,0
2021-04-15,AB,0
2021-04-15,BC,0
2021-04-15,MB,0
2021-04-15,NB,0
2021-04-15,NL,0
2021-04-15,NT,0
2021-04-15,NS,0
2021-04-15,NU,0
2021-04-15,ON,0
2021-04-15,PE,0
2021-04-15,QC,0
2021-04-15,SK,0
2021-04-15,YT,0
2021-04-15,npts-ptso,0
2021-04-16,AB,0
2021-04-16,BC,0
2021-04-16,MB,0
2021-04-16,NB,0
2021-04-16,NL,0
2021-04-16,NT,0
2021-04-16,NS,0
2021-04-16,NU,0
2021-04-16,ON,0
2021-04-16,PE,0
2021-04-16,QC,0
2021-04-16,SK,0
2021-04-16,YT,0
2021-04-16,npts-ptso,0
2021-04-17,AB,0
2021-04-17,BC,0
2021-04-17,MB,0
2021-04-17,NB,0
2021-04-17,NL,0
2021-04-17,NT,0
2021-04-17,NS,0
2021-04-17,NU,0
2021-04-17,ON,0
2021-04-17,PE,0
2021-04-17,QC,0
2021-04-17,SK,0
2021-04-17,YT,0
2021-04-17,npts-ptso,0
2021-04-18,AB,0
2021-04-18,BC,0
2021-04-18,MB,0
2021-04-18,NB,0
2021-04-18,NL,0
2021-04-18,NT,0
2021-04-18,NS,0
2021-04-18,NU,0
2021-04-18,ON,0
2021-04-18,PE,0
2021-04-18,QC,0
2021-04-18,SK,0
2021-04-18,YT,0
2021-04-18,npts-ptso,0
2021-04-19,AB,0
2021-04-19,BC,0
2021-04-19,MB,0
2021-04-19,NB,0
2021-04-19,NL,0
2021-04-19,NT,0
2021-04-19,NS,0
2021-04-19,NU,0
2021-04-19,ON,0
2021-04-19,PE,0
2021-04-19,QC,0
2021-04-19,SK,0
2021-04-19,YT,0
2021-04-19,npts-ptso,0
2021-04-20,AB,0
2021-04-20,BC,0
2021-04-20,MB,0
2021-04-20,NB,0
2021-04-20,NL,0
2021-04-20,NT,0
2021-04-20,NS,0
2021-04-20,NU,0
2021-04-20,ON,0
2021-04-20,PE,0
2021-04-20,QC,0
2021-04-20,SK,0
2021-04-20,YT,0
2021-04-20,npts-ptso,0
2021-04-21,AB,0
2021-04-21,BC,0
2021-04-21,MB,0
2021-04-21,NB,0
2021-04-21,NL,0
2021-04-21,NT,0
2021-04-21,NS,0
2021-04-21,NU,0
2021-04-21,ON,0
2021-04-21,PE,0
2021-04-21,QC,0
2021-04-21,SK,0
2021-04-21,YT,0
2021-04-21,npts-ptso,0
2021-04-22,AB,0
2021-04-22,BC,0
2021-04-22,MB,0
2021-04-22,NB,0
2021-04-22,NL,0
2021-04-22,NT,0
2021-04-22,NS,0
2021-04-22,NU,0
2021-04-22,ON,0
2021-04-22,PE,0
2021-04-22,QC,0
2021-04-22,SK,0
2021-04-22,YT,0
2021-04-22,npts-ptso,0
2021-04-23,AB,0
2021-04-23,BC,0
2021-04-23,MB,0
2021-04-23,NB,0
2021-04-23,NL,0
2021-04-23,NT,0
2021-04-23,NS,0
2021-04-23,NU,0
2021-04-23,ON,0
2021-04-23,PE,0
2021-04-23,QC,0
2021-04-23,SK,0
2021-04-23,YT,0
2021-04-23,npts-ptso,0
2021-04-24,AB,0
2021-04-24,BC,0
2021-04-24,MB,0
2021-04-24,NB,0
2021-04-24,NL,0
2021-04-24,NT,0
2021-04-24,NS,0
2021-04-24,NU,0
2021-04-24,ON,0
2021-04-24,PE,0
2021-04-24,QC,0
2021-04-24,SK,0
2021-04-24,YT,0
2021-04-24,npts-ptso,0
2021-04-25,AB,0
2021-04-25,BC,0
2021-04-25,MB,0
2021-04-25,NB,0
2021-04-25,NL,0
2021-04-25,NT,0
2021-04-25,NS,0
2021-04-25,NU,0
2021-04-25,ON,0
2021-04-25,PE,0
2021-04-25,QC,0
2021-04-25,SK,0
2021-04-25,YT,0
2021-04-25,npts-ptso,0
2021-04-26,AB,0
2021-04-26,BC,0
2021-04-26,MB,0
2021-04-26,NB,0
2021-04-26,NL,0
2021-04-26,NT,0
2021-04-26,NS,0
2021-04-26,NU,0
2021-04-26,ON,0
2021-04-26,PE,0
2021-04-26,QC,0
2021-04-26,SK,0
2021-04-26,YT,0
2021-04-26,npts-ptso,0
2021-04-27,AB,0
2021-04-27,BC,0
2021-04-27,MB,0
2021-04-27,NB,0
2021-04-27,NL,0
2021-04-27,NT,0
2021-04-27,NS,0
2021-04-27,NU,0
2021-04-27,ON,0
2021-04-27,PE,0
2021-04-27,QC,0
2021-04-27,SK,0
2021-04-27,YT,0
2021-04-27,npts-ptso,0
2021-04-28,AB,0
2021-04-28,BC,0
2021-04-28,MB,0
2021-04-28,NB,0
2021-04-28,NL,0
2021-04-28,NT,0
2021-04-28,NS,0
2021-04-28,NU,0
2021-04-28,ON,0
2021-04-28,PE,0
2021-04-28,QC,0
2021-04-28,SK,0
2021-04-28,YT,0
2021-04-28,npts-ptso,0
2021-04-29,AB,0
2021-04-29,BC,0
2021-04-29,MB,0
2021-04-29,NB,0
2021-04-29,NL,0
2021-04-29,NT,0
2021-04-29,NS,0
2021-04-29,NU,0
2021-04-29,ON,0
2021-04-29,PE,0
2021-04-29,QC,0
2021-04-29,SK,0
2021-04-29,YT,0
2021-04-29,npts-ptso,0
2021-04-30,AB,0
2021-04-30,BC,0
2021-04-30,MB,0
2021-04-30,NB,0
2021-04-30,NL,0
2021-04-30,NT,0
2021-04-30,NS,0
2021-04-30,NU,0
2021-04-30,ON,16
2021-04-30,PE,0
2021-04-30,QC,0
2021-04-30,SK,0
2021-04-30,YT,0
2021-04-30,npts-ptso,0
2021-05-01,AB,0
2021-05-01,BC,0
2021-05-01,MB,0
2021-05-01,NB,0
2021-05-01,NL,0
2021-05-01,NT,0
2021-05-01,NS,0
2021-05-01,NU,0
2021-05-01,ON,0
2021-05-01,PE,0
2021-05-01,QC,0
2021-05-01,SK,0
2021-05-01,YT,0
2021-05-01,npts-ptso,0
2021-05-02,AB,0
2021-05-02,BC,0
2021-05-02,MB,0
2021-05-02,NB,0
2021-05-02,NL,0
2021-05-02,NT,0
2021-05-02,NS,0
2021-05-02,NU,0
2021-05-02,ON,0
2021-05-02,PE,0
2021-05-02,QC,0
2021-05-02,SK,0
2021-05-02,YT,0
2021-05-02,npts-ptso,0
2021-05-03,AB,0
2021-05-03,BC,0
2021-05-03,MB,0
2021-05-03,NB,0
2021-05-03,NL,0
2021-05-03,NT,0
2021-05-03,NS,0
2021-05-03,NU,0
2021-05-03,ON,2
2021-05-03,PE,0
2021-05-03,QC,0
2021-05-03,SK,0
2021-05-03,YT,0
2021-05-03,npts-ptso,0
2021-05-04,AB,0
2021-05-04,BC,0
2021-05-04,MB,0
2021-05-04,NB,0
2021-05-04,NL,0
2021-05-04,NT,0
2021-05-04,NS,0
2021-05-04,NU,0
2021-05-04,ON,66
2021-05-04,PE,0
2021-05-04,QC,0
2021-05-04,SK,0
2021-05-04,YT,0
2021-05-04,npts-ptso,0
2021-05-05,AB,0
2021-05-05,BC,0
2021-05-05,MB,0
2021-05-05,NB,0
2021-05-05,NL,0
2021-05-05,NT,0
2021-05-05,NS,0
2021-05-05,NU,0
2021-05-05,ON,6
2021-05-05,PE,0
2021-05-05,QC,0
2021-05-05,SK,0
2021-05-05,YT,0
2021-05-05,npts-ptso,0
2021-05-06,AB,0
2021-05-06,BC,0
2021-05-06,MB,0
2021-05-06,NB,0
2021-05-06,NL,0
2021-05-06,NT,0
2021-05-06,NS,0
2021-05-06,NU,0
2021-05-06,ON,0
2021-05-06,PE,0
2021-05-06,QC,0
2021-05-06,SK,0
2021-05-06,YT,0
2021-05-06,npts-ptso,0
2021-05-07,AB,0
2021-05-07,BC,0
2021-05-07,MB,0
2021-05-07,NB,0
2021-05-07,NL,0
2021-05-07,NT,0
2021-05-07,NS,0
2021-05-07,NU,0
2021-05-07,ON,9
2021-05-07,PE,0
2021-05-07,QC,0
2021-05-07,SK,0
2021-05-07,YT,0
2021-05-07,npts-ptso,0
2021-05-08,AB,0
2021-05-08,BC,0
2021-05-08,MB,0
2021-05-08,NB,0
2021-05-08,NL,0
2021-05-08,NT,0
2021-05-08,NS,0
2021-05-08,NU,0
2021-05-08,ON,3
2021-05-08,PE,0
2021-05-08,QC,0
2021-05-08,SK,0
2021-05-08,YT,0
2021-05-08,npts-ptso,0
2021-05-09,AB,0
2021-05-09,BC,0
2021-05-09,MB,0
2021-05-09,NB,0
2021-05-09,NL,0
2021-05-09,NT,0
2021-05-09,NS,0
2021-05-09,NU,0
2021-05-09,ON,0
2021-05-09,PE,0
2021-05-09,QC,0
2021-05-09,SK,0
2021-05-09,YT,0
2021-05-09,npts-ptso,0
2021-05-10,AB,0
2021-05-10,BC,0
2021-05-10,MB,0
2021-05-10,NB,0
2021-05-10,NL,0
2021-05-10,NT,0
2021-05-10,NS,0
2021-05-10,NU,0
2021-05-10,ON,44
2021-05-10,PE,0
2021-05-10,QC,0
2021-05-10,SK,0
2021-05-10,YT,0
2021-05-10,npts-ptso,0
2021-05-11,AB,0
2021-05-11,BC,0
2021-05-11,MB,0
2021-05-11,NB,0
2021-05-11,NL,0
2021-05-11,NT,0
2021-05-11,NS,0
2021-05-11,NU,0
2021-05-11,ON,64
2021-05-11,PE,0
2021-05-11,QC,0
2021-05-11,SK,0
2021-05-11,YT,0
2021-05-11,npts-ptso,0
2021-05-12,AB,0
2021-05-12,BC,0
2021-05-12,MB,0
2021-05-12,NB,0
2021-05-12,NL,0
2021-05-12,NT,0
2021-05-12,NS,0
2021-05-12,NU,0
2021-05-12,ON,47
2021-05-12,PE,0
2021-05-12,QC,0
2021-05-12,SK,0
2021-05-12,YT,0
2021-05-12,npts-ptso,0
2021-05-13,AB,0
2021-05-13,BC,0
2021-05-13,MB,0
2021-05-13,NB,0
2021-05-13,NL,0
2021-05-13,NT,0
2021-05-13,NS,0
2021-05-13,NU,0
2021-05-13,ON,7
2021-05-13,PE,0
2021-05-13,QC,0
2021-05-13,SK,0
2021-05-13,YT,0
2021-05-13,npts-ptso,0
2021-05-14,AB,0
2021-05-14,BC,0
2021-05-14,MB,0
2021-05-14,NB,0
2021-05-14,NL,0
2021-05-14,NT,0
2021-05-14,NS,0
2021-05-14,NU,0
2021-05-14,ON,0
2021-05-14,PE,0
2021-05-14,QC,0
2021-05-14,SK,0
2021-05-14,YT,0
2021-05-14,npts-ptso,0
2021-05-15,AB,0
2021-05-15,BC,0
2021-05-15,MB,0
2021-05-15,NB,0
2021-05-15,NL,0
2021-05-15,NT,0
2021-05-15,NS,0
2021-05-15,NU,0
2021-05-15,ON,0
2021-05-15,PE,0
2021-05-15,QC,0
2021-05-15,SK,0
2021-05-15,YT,0
2021-05-15,npts-ptso,0
2021-05-16,AB,0
2021-05-16,BC,0
2021-05-16,MB,0
2021-05-16,NB,0
2021-05-16,NL,0
2021-05-16,NT,0
2021-05-16,NS,0
2021-05-16,NU,0
2021-05-16,ON,0
2021-05-16,PE,0
2021-05-16,QC,0
2021-05-16,SK,0
2021-05-16,YT,0
2021-05-16,npts-ptso,0
2021-05-17,AB,0
2021-05-17,BC,0
2021-05-17,MB,0
2021-05-17,NB,0
2021-05-17,NL,0
2021-05-17,NT,0
2021-05-17,NS,0
2021-05-17,NU,0
2021-05-17,ON,0
2021-05-17,PE,0
2021-05-17,QC,0
2021-05-17,SK,0
2021-05-17,YT,0
2021-05-17,npts-ptso,0
2021-05-18,AB,0
2021-05-18,BC,0
2021-05-18,MB,0
2021-05-18,NB,0
2021-05-18,NL,0
2021-05-18,NT,0
2021-05-18,NS,0
2021-05-18,NU,0
2021-05-18,ON,1
2021-05-18,PE,0
2021-05-18,QC,0
2021-05-18,SK,0
2021-05-18,YT,0
2021-05-18,npts-ptso,0
2021-05-19,AB,0
2021-05-19,BC,0
2021-05-19,MB,0
2021-05-19,NB,0
2021-05-19,NL,0
2021-05-19,NT,0
2021-05-19,NS,0
2021-05-19,NU,0
2021-05-19,ON,0
2021-05-19,PE,0
2021-05-19,QC,0
2021-05-19,SK,0
2021-05-19,YT,0
2021-05-19,npts-ptso,0
2021-05-20,AB,0
2021-05-20,BC,0
2021-05-20,MB,0
2021-05-20,NB,0
2021-05-20,NL,0
2021-05-20,NT,0
2021-05-20,NS,0
2021-05-20,NU,0
2021-05-20,ON,0
2021-05-20,PE,0
2021-05-20,QC,0
2021-05-20,SK,0
2021-05-20,YT,0
2021-05-20,npts-ptso,1
2021-05-21,AB,0
2021-05-21,BC,0
2021-05-21,MB,0
2021-05-21,NB,0
2021-05-21,NL,0
2021-05-21,NT,0
2021-05-21,NS,0
2021-05-21,NU,0
2021-05-21,ON,31
2021-05-21,PE,0
2021-05-21,QC,2
2021-05-21,SK,0
2021-05-21,YT,0
2021-05-21,npts-ptso,1
2021-05-22,AB,0
2021-05-22,BC,0
2021-05-22,MB,0
2021-05-22,NB,0
2021-05-22,NL,0
2021-05-22,NT,0
2021-05-22,NS,0
2021-05-22,NU,0
2021-05-22,ON,4
2021-05-22,PE,0
2021-05-22,QC,1
2021-05-22,SK,0
2021-05-22,YT,0
2021-05-22,npts-ptso,0
2021-05-23,AB,0
2021-05-23,BC,0
2021-05-23,MB,0
2021-05-23,NB,0
2021-05-23,NL,0
2021-05-23,NT,0
2021-05-23,NS,0
2021-05-23,NU,0
2021-05-23,ON,0
2021-05-23,PE,0
2021-05-23,QC,0
2021-05-23,SK,0
2021-05-23,YT,0
2021-05-23,npts-ptso,0
2021-05-24,AB,0
2021-05-24,BC,0
2021-05-24,MB,0
2021-05-24,NB,0
2021-05-24,NL,0
2021-05-24,NT,0
2021-05-24,NS,0
2021-05-24,NU,0
2021-05-24,ON,0
2021-05-24,PE,0
2021-05-24,QC,0
2021-05-24,SK,0
2021-05-24,YT,0
2021-05-24,npts-ptso,0
2021-05-25,AB,0
2021-05-25,BC,0
2021-05-25,MB,0
2021-05-25,NB,0
2021-05-25,NL,0
2021-05-25,NT,0
2021-05-25,NS,0
2021-05-25,NU,0
2021-05-25,ON,0
2021-05-25,PE,0
2021-05-25,QC,0
2021-05-25,SK,0
2021-05-25,YT,0
2021-05-25,npts-ptso,0
2021-05-26,AB,0
2021-05-26,BC,0
2021-05-26,MB,0
2021-05-26,NB,0
2021-05-26,NL,0
2021-05-26,NT,0
2021-05-26,NS,0
2021-05-26,NU,0
2021-05-26,ON,0
2021-05-26,PE,0
2021-05-26,QC,0
2021-05-26,SK,0
2021-05-26,YT,0
2021-05-26,npts-ptso,0
2021-05-27,AB,0
2021-05-27,BC,0
2021-05-27,MB,0
2021-05-27,NB,0
2021-05-27,NL,0
2021-05-27,NT,0
2021-05-27,NS,0
2021-05-27,NU,0
2021-05-27,ON,0
2021-05-27,PE,0
2021-05-27,QC,0
2021-05-27,SK,0
2021-05-27,YT,0
2021-05-27,npts-ptso,0
2021-05-28,AB,0
2021-05-28,BC,0
2021-05-28,MB,0
2021-05-28,NB,0
2021-05-28,NL,0
2021-05-28,NT,0
2021-05-28,NS,0
2021-05-28,NU,0
2021-05-28,ON,0
2021-05-28,PE,0
2021-05-28,QC,0
2021-05-28,SK,0
2021-05-28,YT,0
2021-05-28,npts-ptso,0
2021-05-29,AB,0
2021-05-29,BC,0
2021-05-29,MB,0
2021-05-29,NB,0
2021-05-29,NL,0
2021-05-29,NT,0
2021-05-29,NS,0
2021-05-29,NU,0
2021-05-29,ON,0
2021-05-29,PE,0
2021-05-29,QC,0
2021-05-29,SK,0
2021-05-29,YT,0
2021-05-29,npts-ptso,0
2021-05-30,AB,0
2021-05-30,BC,0
2021-05-30,MB,0
2021-05-30,NB,0
2021-05-30,NL,0
2021-05-30,NT,0
2021-05-30,NS,0
2021-05-30,NU,0
2021-05-30,ON,0
2021-05-30,PE,0
2021-05-30,QC,0
2021-05-30,SK,0
2021-05-30,YT,0
2021-05-30,npts-ptso,0
2021-05-31,AB,0
2021-05-31,BC,0
2021-05-31,MB,0
2021-05-31,NB,0
2021-05-31,NL,0
2021-05-31,NT,0
2021-05-31,NS,0
2021-05-31,NU,0
2021-05-31,ON,0
2021-05-31,PE,0
2021-05-31,QC,0
2021-05-31,SK,0
2021-05-31,YT,0
2021-05-31,npts-ptso,0
2021-06-01,AB,0
2021-06-01,BC,0
2021-06-01,MB,0
2021-06-01,NB,0
2021-06-01,NL,0
2021-06-01,NT,0
2021-06-01,NS,0
2021-06-01,NU,0
2021-06-01,ON,0
2021-06-01,PE,0
2021-06-01,QC,0
2021-06-01,SK,0
2021-06-01,YT,0
2021-06-01,npts-ptso,0
2021-06-02,AB,0
2021-06-02,BC,0
2021-06-02,MB,0
2021-06-02,NB,0
2021-06-02,NL,0
2021-06-02,NT,0
2021-06-02,NS,0
2021-06-02,NU,0
2021-06-02,ON,0
2021-06-02,PE,0
2021-06-02,QC,0
2021-06-02,SK,0
2021-06-02,YT,0
2021-06-02,npts-ptso,0
2021-06-03,AB,0
2021-06-03,BC,0
2021-06-03,MB,0
2021-06-03,NB,0
2021-06-03,NL,0
2021-06-03,NT,0
2021-06-03,NS,0
2021-06-03,NU,0
2021-06-03,ON,0
2021-06-03,PE,0
2021-06-03,QC,0
2021-06-03,SK,0
2021-06-03,YT,0
2021-06-03,npts-ptso,0
2021-06-04,AB,0
2021-06-04,BC,0
2021-06-04,MB,0
2021-06-04,NB,0
2021-06-04,NL,0
2021-06-04,NT,0
2021-06-04,NS,0
2021-06-04,NU,0
2021-06-04,ON,0
2021-06-04,PE,0
2021-06-04,QC,0
2021-06-04,SK,0
2021-06-04,YT,0
2021-06-04,npts-ptso,0
2021-06-05,AB,0
2021-06-05,BC,0
2021-06-05,MB,0
2021-06-05,NB,0
2021-06-05,NL,0
2021-06-05,NT,0
2021-06-05,NS,0
2021-06-05,NU,0
2021-06-05,ON,0
2021-06-05,PE,0
2021-06-05,QC,0
2021-06-05,SK,0
2021-06-05,YT,0
2021-06-05,npts-ptso,0
2021-06-06,AB,0
2021-06-06,BC,0
2021-06-06,MB,0
2021-06-06,NB,0
2021-06-06,NL,0
2021-06-06,NT,0
2021-06-06,NS,0
2021-06-06,NU,0
2021-06-06,ON,0
2021-06-06,PE,0
2021-06-06,QC,0
2021-06-06,SK,0
2021-06-06,YT,0
2021-06-06,npts-ptso,0
2021-06-07,AB,0
2021-06-07,BC,0
2021-06-07,MB,0
2021-06-07,NB,0
2021-06-07,NL,0
2021-06-07,NT,0
2021-06-07,NS,0
2021-06-07,NU,0
2021-06-07,ON,0
2021-06-07,PE,0
2021-06-07,QC,0
2021-06-07,SK,0
2021-06-07,YT,0
2021-06-07,npts-ptso,0
2021-06-08,AB,0
2021-06-08,BC,0
2021-06-08,MB,0
2021-06-08,NB,0
2021-06-08,NL,0
2021-06-08,NT,0
2021-06-08,NS,0
2021-06-08,NU,0
2021-06-08,ON,0
2021-06-08,PE,0
2021-06-08,QC,0
2021-06-08,SK,0
2021-06-08,YT,0
2021-06-08,npts-ptso,0
2021-06-09,AB,0
2021-06-09,BC,0
2021-06-09,MB,0
2021-06-09,NB,0
2021-06-09,NL,0
2021-06-09,NT,0
2021-06-09,NS,0
2021-06-09,NU,0
2021-06-09,ON,1
2021-06-09,PE,0
2021-06-09,QC,0
2021-06-09,SK,0
2021-06-09,YT,0
2021-06-09,npts-ptso,0
2021-06-10,AB,0
2021-06-10,BC,0
2021-06-10,MB,0
2021-06-10,NB,0
2021-06-10,NL,0
2021-06-10,NT,0
2021-06-10,NS,0
2021-06-10,NU,0
2021-06-10,ON,0
2021-06-10,PE,0
2021-06-10,QC,0
2021-06-10,SK,0
2021-06-10,YT,0
2021-06-10,npts-ptso,0
2021-06-11,AB,0
2021-06-11,BC,0
2021-06-11,MB,0
2021-06-11,NB,0
2021-06-11,NL,0
2021-06-11,NT,0
2021-06-11,NS,0
2021-06-11,NU,0
2021-06-11,ON,0
2021-06-11,PE,0
2021-06-11,QC,0
2021-06-11,SK,0
2021-06-11,YT,0
2021-06-11,npts-ptso,0
2021-06-12,AB,0
2021-06-12,BC,0
2021-06-12,MB,0
2021-06-12,NB,0
2021-06-12,NL,0
2021-06-12,NT,0
2021-06-12,NS,0
2021-06-12,NU,0
2021-06-12,ON,0
2021-06-12,PE,0
2021-06-12,QC,0
2021-06-12,SK,0
2021-06-12,YT,0
2021-06-12,npts-ptso,0
2021-06-13,AB,0
2021-06-13,BC,0
2021-06-13,MB,0
2021-06-13,NB,0
2021-06-13,NL,0
2021-06-13,NT,0
2021-06-13,NS,0
2021-06-13,NU,0
2021-06-13,ON,0
2021-06-13,PE,0
2021-06-13,QC,0
2021-06-13,SK,0
2021-06-13,YT,0
2021-06-13,npts-ptso,0
2021-06-14,AB,0
2021-06-14,BC,0
2021-06-14,MB,0
2021-06-14,NB,0
2021-06-14,NL,0
2021-06-14,NT,0
2021-06-14,NS,0
2021-06-14,NU,0
2021-06-14,ON,9
2021-06-14,PE,0
2021-06-14,QC,0
2021-06-14,SK,0
2021-06-14,YT,0
2021-06-14,npts-ptso,0
2021-06-15,AB,0
2021-06-15,BC,0
2021-06-15,MB,0
2021-06-15,NB,0
2021-06-15,NL,0
2021-06-15,NT,0
2021-06-15,NS,0
2021-06-15,NU,0
2021-06-15,ON,6
2021-06-15,PE,0
2021-06-15,QC,0
2021-06-15,SK,0
2021-06-15,YT,0
2021-06-15,npts-ptso,0
2021-06-16,AB,0
2021-06-16,BC,0
2021-06-16,MB,0
2021-06-16,NB,0
2021-06-16,NL,0
2021-06-16,NT,0
2021-06-16,NS,0
2021-06-16,NU,0
2021-06-16,ON,2
2021-06-16,PE,0
2021-06-16,QC,0
2021-06-16,SK,0
2021-06-16,YT,0
2021-06-16,npts-ptso,0
2021-06-17,AB,0
2021-06-17,BC,0
2021-06-17,MB,0
2021-06-17,NB,0
2021-06-17,NL,0
2021-06-17,NT,0
2021-06-17,NS,0
2021-06-17,NU,0
2021-06-17,ON,0
2021-06-17,PE,0
2021-06-17,QC,0
2021-06-17,SK,0
2021-06-17,YT,0
2021-06-17,npts-ptso,0
2021-06-18,AB,0
2021-06-18,BC,0
2021-06-18,MB,0
2021-06-18,NB,0
2021-06-18,NL,0
2021-06-18,NT,0
2021-06-18,NS,0
2021-06-18,NU,0
2021-06-18,ON,4
2021-06-18,PE,0
2021-06-18,QC,0
2021-06-18,SK,0
2021-06-18,YT,0
2021-06-18,npts-ptso,8
2021-06-19,AB,0
2021-06-19,BC,0
2021-06-19,MB,0
2021-06-19,NB,0
2021-06-19,NL,0
2021-06-19,NT,0
2021-06-19,NS,0
2021-06-19,NU,0
2021-06-19,ON,0
2021-06-19,PE,0
2021-06-19,QC,0
2021-06-19,SK,0
2021-06-19,YT,0
2021-06-19,npts-ptso,1
2021-06-20,AB,0
2021-06-20,BC,0
2021-06-20,MB,0
2021-06-20,NB,0
2021-06-20,NL,0
2021-06-20,NT,0
2021-06-20,NS,0
2021-06-20,NU,0
2021-06-20,ON,0
2021-06-20,PE,0
2021-06-20,QC,0
2021-06-20,SK,0
2021-06-20,YT,0
2021-06-20,npts-ptso,1
2021-06-21,AB,0
2021-06-21,BC,0
2021-06-21,MB,0
2021-06-21,NB,0
2021-06-21,NL,0
2021-06-21,NT,0
2021-06-21,NS,0
2021-06-21,NU,0
2021-06-21,ON,0
2021-06-21,PE,0
2021-06-21,QC,0
2021-06-21,SK,0
2021-06-21,YT,0
2021-06-21,npts-ptso,0
2021-06-22,AB,0
2021-06-22,BC,0
2021-06-22,MB,0
2021-06-22,NB,0
2021-06-22,NL,0
2021-06-22,NT,0
2021-06-22,NS,0
2021-06-22,NU,0
2021-06-22,ON,57
2021-06-22,PE,0
2021-06-22,QC,2
2021-06-22,SK,0
2021-06-22,YT,0
2021-06-22,npts-ptso,1
2021-06-23,AB,0
2021-06-23,BC,0
2021-06-23,MB,0
2021-06-23,NB,0
2021-06-23,NL,0
2021-06-23,NT,0
2021-06-23,NS,0
2021-06-23,NU,0
2021-06-23,ON,117
2021-06-23,PE,0
2021-06-23,QC,0
2021-06-23,SK,0
2021-06-23,YT,0
2021-06-23,npts-ptso,0
2021-06-24,AB,0
2021-06-24,BC,0
2021-06-24,MB,0
2021-06-24,NB,0
2021-06-24,NL,0
2021-06-24,NT,2
2021-06-24,NS,0
2021-06-24,NU,0
2021-06-24,ON,62
2021-06-24,PE,0
2021-06-24,QC,4
2021-06-24,SK,0
2021-06-24,YT,0
2021-06-24,npts-ptso,0
2021-06-25,AB,0
2021-06-25,BC,0
2021-06-25,MB,0
2021-06-25,NB,0
2021-06-25,NL,0
2021-06-25,NT,0
2021-06-25,NS,0
2021-06-25,NU,0
2021-06-25,ON,5
2021-06-25,PE,0
2021-06-25,QC,0
2021-06-25,SK,0
2021-06-25,YT,0
2021-06-25,npts-ptso,0
2021-06-26,AB,0
2021-06-26,BC,0
2021-06-26,MB,0
2021-06-26,NB,0
2021-06-26,NL,0
2021-06-26,NT,0
2021-06-26,NS,0
2021-06-26,NU,0
2021-06-26,ON,0
2021-06-26,PE,0
2021-06-26,QC,0
2021-06-26,SK,0
2021-06-26,YT,0
2021-06-26,npts-ptso,0
2021-06-27,AB,0
2021-06-27,BC,0
2021-06-27,MB,0
2021-06-27,NB,0
2021-06-27,NL,0
2021-06-27,NT,0
2021-06-27,NS,0
2021-06-27,NU,0
2021-06-27,ON,0
2021-06-27,PE,0
2021-06-27,QC,0
2021-06-27,SK,0
2021-06-27,YT,0
2021-06-27,npts-ptso,0
2021-06-28,AB,0
2021-06-28,BC,0
2021-06-28,MB,0
2021-06-28,NB,0
2021-06-28,NL,0
2021-06-28,NT,0
2021-06-28,NS,0
2021-06-28,NU,0
2021-06-28,ON,0
2021-06-28,PE,0
2021-06-28,QC,0
2021-06-28,SK,0
2021-06-28,YT,0
2021-06-28,npts-ptso,0
2021-06-29,AB,0
2021-06-29,BC,0
2021-06-29,MB,0
2021-06-29,NB,0
2021-06-29,NL,0
2021-06-29,NT,3
2021-06-29,NS,1
2021-06-29,NU,0
2021-06-29,ON,53
2021-06-29,PE,0
2021-06-29,QC,0
2021-06-29,SK,0
2021-06-29,YT,0
2021-06-29,npts-ptso,0
2021-06-30,AB,0
2021-06-30,BC,0
2021-06-30,MB,0
2021-06-30,NB,0
2021-06-30,NL,0
2021-06-30,NT,0
2021-06-30,NS,1
2021-06-30,NU,0
2021-06-30,ON,41
2021-06-30,PE,0
2021-06-30,QC,0
2021-06-30,SK,0
2021-06-30,YT,0
2021-06-30,npts-ptso,0
2021-07-01,AB,0
2021-07-01,BC,0
2021-07-01,MB,0
2021-07-01,NB,0
2021-07-01,NL,0
2021-07-01,NT,0
2021-07-01,NS,0
2021-07-01,NU,0
2021-07-01,ON,5
2021-07-01,PE,0
2021-07-01,QC,0
2021-07-01,SK,0
2021-07-01,YT,0
2021-07-01,npts-ptso,0
2021-07-02,AB,0
2021-07-02,BC,0
2021-07-02,MB,0
2021-07-02,NB,0
2021-07-02,NL,0
2021-07-02,NT,0
2021-07-02,NS,0
2021-07-02,NU,0
2021-07-02,ON,53
2021-07-02,PE,0
2021-07-02,QC,0
2021-07-02,SK,0
2021-07-02,YT,0
2021-07-02,npts-ptso,0
2021-07-03,AB,0
2021-07-03,BC,0
2021-07-03,MB,0
2021-07-03,NB,0
2021-07-03,NL,0
2021-07-03,NT,0
2021-07-03,NS,0
2021-07-03,NU,0
2021-07-03,ON,4
2021-07-03,PE,0
2021-07-03,QC,0
2021-07-03,SK,0
2021-07-03,YT,0
2021-07-03,npts-ptso,0
2021-07-04,AB,0
2021-07-04,BC,0
2021-07-04,MB,0
2021-07-04,NB,0
2021-07-04,NL,0
2021-07-04,NT,0
2021-07-04,NS,0
2021-07-04,NU,0
2021-07-04,ON,0
2021-07-04,PE,0
2021-07-04,QC,0
2021-07-04,SK,0
2021-07-04,YT,0
2021-07-04,npts-ptso,0
2021-07-05,AB,0
2021-07-05,BC,0
2021-07-05,MB,0
2021-07-05,NB,0
2021-07-05,NL,0
2021-07-05,NT,0
2021-07-05,NS,0
2021-07-05,NU,0
2021-07-05,ON,0
2021-07-05,PE,0
2021-07-05,QC,0
2021-07-05,SK,0
2021-07-05,YT,0
2021-07-05,npts-ptso,0
2021-07-06,AB,0
2021-07-06,BC,0
2021-07-06,MB,0
2021-07-06,NB,0
2021-07-06,NL,0
2021-07-06,NT,0
2021-07-06,NS,0
2021-07-06,NU,0
2021-07-06,ON,2
2021-07-06,PE,0
2021-07-06,QC,0
2021-07-06,SK,0
2021-07-06,YT,0
2021-07-06,npts-ptso,0
2021-07-07,AB,0
2021-07-07,BC,0
2021-07-07,MB,0
2021-07-07,NB,0
2021-07-07,NL,0
2021-07-07,NT,0
2021-07-07,NS,0
2021-07-07,NU,0
2021-07-07,ON,14
2021-07-07,PE,0
2021-07-07,QC,0
2021-07-07,SK,0
2021-07-07,YT,0
2021-07-07,npts-ptso,4
2021-07-08,AB,0
2021-07-08,BC,0
2021-07-08,MB,0
2021-07-08,NB,0
2021-07-08,NL,0
2021-07-08,NT,0
2021-07-08,NS,0
2021-07-08,NU,0
2021-07-08,ON,10
2021-07-08,PE,0
2021-07-08,QC,0
2021-07-08,SK,0
2021-07-08,YT,0
2021-07-08,npts-ptso,4
2021-07-09,AB,0
2021-07-09,BC,0
2021-07-09,MB,0
2021-07-09,NB,0
2021-07-09,NL,0
2021-07-09,NT,0
2021-07-09,NS,0
2021-07-09,NU,0
2021-07-09,ON,30
2021-07-09,PE,0
2021-07-09,QC,0
2021-07-09,SK,0
2021-07-09,YT,0
2021-07-09,npts-ptso,2
2021-07-10,AB,0
2021-07-10,BC,0
2021-07-10,MB,0
2021-07-10,NB,0
2021-07-10,NL,0
2021-07-10,NT,0
2021-07-10,NS,0
2021-07-10,NU,0
2021-07-10,ON,8
2021-07-10,PE,0
2021-07-10,QC,0
2021-07-10,SK,0
2021-07-10,YT,0
2021-07-10,npts-ptso,1
2021-07-11,AB,0
2021-07-11,BC,0
2021-07-11,MB,0
2021-07-11,NB,0
2021-07-11,NL,0
2021-07-11,NT,0
2021-07-11,NS,0
2021-07-11,NU,0
2021-07-11,ON,0
2021-07-11,PE,0
2021-07-11,QC,0
2021-07-11,SK,0
2021-07-11,YT,0
2021-07-11,npts-ptso,0
2021-07-12,AB,0
2021-07-12,BC,0
2021-07-12,MB,0
2021-07-12,NB,0
2021-07-12,NL,0
2021-07-12,NT,0
2021-07-12,NS,0
2021-07-12,NU,0
2021-07-12,ON,10
2021-07-12,PE,0
2021-07-12,QC,0
2021-07-12,SK,0
2021-07-12,YT,0
2021-07-12,npts-ptso,3
2021-07-13,AB,0
2021-07-13,BC,0
2021-07-13,MB,0
2021-07-13,NB,0
2021-07-13,NL,0
2021-07-13,NT,0
2021-07-13,NS,0
2021-07-13,NU,0
2021-07-13,ON,2
2021-07-13,PE,0
2021-07-13,QC,0
2021-07-13,SK,0
2021-07-13,YT,0
2021-07-13,npts-ptso,1
2021-07-14,AB,0
2021-07-14,BC,0
2021-07-14,MB,0
2021-07-14,NB,0
2021-07-14,NL,0
2021-07-14,NT,0
2021-07-14,NS,0
2021-07-14,NU,0
2021-07-14,ON,0
2021-07-14,PE,0
2021-07-14,QC,0
2021-07-14,SK,0
2021-07-14,YT,0
2021-07-14,npts-ptso,0
2021-07-15,AB,0
2021-07-15,BC,0
2021-07-15,MB,0
2021-07-15,NB,0
2021-07-15,NL,0
2021-07-15,NT,0
2021-07-15,NS,0
2021-07-15,NU,0
2021-07-15,ON,0
2021-07-15,PE,0
2021-07-15,QC,0
2021-07-15,SK,0
2021-07-15,YT,0
2021-07-15,npts-ptso,0
2021-07-16,AB,0
2021-07-16,BC,0
2021-07-16,MB,0
2021-07-16,NB,0
2021-07-16,NL,0
2021-07-16,NT,0
2021-07-16,NS,0
2021-07-16,NU,0
2021-07-16,ON,0
2021-07-16,PE,0
2021-07-16,QC,0
2021-07-16,SK,0
2021-07-16,YT,0
2021-07-16,npts-ptso,0
2021-07-17,AB,0
2021-07-17,BC,0
2021-07-17,MB,0
2021-07-17,NB,0
2021-07-17,NL,0
2021-07-17,NT,0
2021-07-17,NS,0
2021-07-17,NU,0
2021-07-17,ON,0
2021-07-17,PE,0
2021-07-17,QC,0
2021-07-17,SK,0
2021-07-17,YT,0
2021-07-17,npts-ptso,0
2021-07-18,AB,0
2021-07-18,BC,0
2021-07-18,MB,0
2021-07-18,NB,0
2021-07-18,NL,0
2021-07-18,NT,0
2021-07-18,NS,0
2021-07-18,NU,0
2021-07-18,ON,0
2021-07-18,PE,0
2021-07-18,QC,0
2021-07-18,SK,0
2021-07-18,YT,0
2021-07-18,npts-ptso,0
2021-07-19,AB,0
2021-07-19,BC,0
2021-07-19,MB,0
2021-07-19,NB,0
2021-07-19,NL,0
2021-07-19,NT,0
2021-07-19,NS,0
2021-07-19,NU,0
2021-07-19,ON,0
2021-07-19,PE,0
2021-07-19,QC,0
2021-07-19,SK,0
2021-07-19,YT,0
2021-07-19,npts-ptso,0
2021-07-20,AB,0
2021-07-20,BC,0
2021-07-20,MB,0
2021-07-20,NB,0
2021-07-20,NL,0
2021-07-20,NT,0
2021-07-20,NS,0
2021-07-20,NU,0
2021-07-20,ON,0
2021-07-20,PE,0
2021-07-20,QC,0
2021-07-20,SK,0
2021-07-20,YT,0
2021-07-20,npts-ptso,0
2021-07-21,AB,0
2021-07-21,BC,0
2021-07-21,MB,0
2021-07-21,NB,0
2021-07-21,NL,0
2021-07-21,NT,0
2021-07-21,NS,0
2021-07-21,NU,0
2021-07-21,ON,0
2021-07-21,PE,0
2021-07-21,QC,0
2021-07-21,SK,0
2021-07-21,YT,0
2021-07-21,npts-ptso,0
2021-07-22,AB,0
2021-07-22,BC,0
2021-07-22,MB,0
2021-07-22,NB,0
2021-07-22,NL,0
2021-07-22,NT,0
2021-07-22,NS,0
2021-07-22,NU,0
2021-07-22,ON,0
2021-07-22,PE,0
2021-07-22,QC,0
2021-07-22,SK,0
2021-07-22,YT,0
2021-07-22,npts-ptso,0
2021-07-23,AB,0
2021-07-23,BC,0
2021-07-23,MB,0
2021-07-23,NB,0
2021-07-23,NL,0
2021-07-23,NT,0
2021-07-23,NS,0
2021-07-23,NU,0
2021-07-23,ON,0
2021-07-23,PE,0
2021-07-23,QC,0
2021-07-23,SK,0
2021-07-23,YT,0
2021-07-23,npts-ptso,0
2021-07-24,AB,0
2021-07-24,BC,0
2021-07-24,MB,0
2021-07-24,NB,0
2021-07-24,NL,0
2021-07-24,NT,0
2021-07-24,NS,0
2021-07-24,NU,0
2021-07-24,ON,0
2021-07-24,PE,0
2021-07-24,QC,0
2021-07-24,SK,0
2021-07-24,YT,0
2021-07-24,npts-ptso,0
2021-07-25,AB,0
2021-07-25,BC,0
2021-07-25,MB,0
2021-07-25,NB,0
2021-07-25,NL,0
2021-07-25,NT,0
2021-07-25,NS,0
2021-07-25,NU,0
2021-07-25,ON,0
2021-07-25,PE,0
2021-07-25,QC,0
2021-07-25,SK,0
2021-07-25,YT,0
2021-07-25,npts-ptso,0
2021-07-26,AB,0
2021-07-26,BC,0
2021-07-26,MB,0
2021-07-26,NB,0
2021-07-26,NL,0
2021-07-26,NT,0
2021-07-26,NS,0
2021-07-26,NU,0
2021-07-26,ON,0
2021-07-26,PE,0
2021-07-26,QC,0
2021-07-26,SK,0
2021-07-26,YT,0
2021-07-26,npts-ptso,0
2021-07-27,AB,0
2021-07-27,BC,0
2021-07-27,MB,0
2021-07-27,NB,0
2021-07-27,NL,0
2021-07-27,NT,0
2021-07-27,NS,0
2021-07-27,NU,0
2021-07-27,ON,0
2021-07-27,PE,0
2021-07-27,QC,0
2021-07-27,SK,0
2021-07-27,YT,0
2021-07-27,npts-ptso,0
2021-07-28,AB,0
2021-07-28,BC,0
2021-07-28,MB,0
2021-07-28,NB,0
2021-07-28,NL,0
2021-07-28,NT,0
2021-07-28,NS,0
2021-07-28,NU,0
2021-07-28,ON,0
2021-07-28,PE,0
2021-07-28,QC,0
2021-07-28,SK,0
2021-07-28,YT,0
2021-07-28,npts-ptso,0
2021-07-29,AB,0
2021-07-29,BC,0
2021-07-29,MB,0
2021-07-29,NB,0
2021-07-29,NL,0
2021-07-29,NT,0
2021-07-29,NS,0
2021-07-29,NU,0
2021-07-29,ON,0
2021-07-29,PE,0
2021-07-29,QC,0
2021-07-29,SK,0
2021-07-29,YT,0
2021-07-29,npts-ptso,0
2021-07-30,AB,0
2021-07-30,BC,0
2021-07-30,MB,0
2021-07-30,NB,0
2021-07-30,NL,0
2021-07-30,NT,0
2021-07-30,NS,0
2021-07-30,NU,0
2021-07-30,ON,17
2021-07-30,PE,0
2021-07-30,QC,0
2021-07-30,SK,0
2021-07-30,YT,0
2021-07-30,npts-ptso,0
2021-07-31,AB,0
2021-07-31,BC,0
2021-07-31,MB,0
2021-07-31,NB,0
2021-07-31,NL,0
2021-07-31,NT,0
2021-07-31,NS,0
2021-07-31,NU,0
2021-07-31,ON,4
2021-07-31,PE,0
2021-07-31,QC,0
2021-07-31,SK,0
2021-07-31,YT,0
2021-07-31,npts-ptso,0
2021-08-01,AB,0
2021-08-01,BC,0
2021-08-01,MB,0
2021-08-01,NB,0
2021-08-01,NL,0
2021-08-01,NT,0
2021-08-01,NS,0
2021-08-01,NU,0
2021-08-01,ON,13
2021-08-01,PE,0
2021-08-01,QC,0
2021-08-01,SK,0
2021-08-01,YT,0
2021-08-01,npts-ptso,0
2021-08-02,AB,0
2021-08-02,BC,0
2021-08-02,MB,0
2021-08-02,NB,0
2021-08-02,NL,0
2021-08-02,NT,0
2021-08-02,NS,0
2021-08-02,NU,0
2021-08-02,ON,4
2021-08-02,PE,0
2021-08-02,QC,0
2021-08-02,SK,0
2021-08-02,YT,0
2021-08-02,npts-ptso,0
2021-08-03,AB,0
2021-08-03,BC,0
2021-08-03,MB,0
2021-08-03,NB,0
2021-08-03,NL,0
2021-08-03,NT,0
2021-08-03,NS,0
2021-08-03,NU,0
2021-08-03,ON,0
2021-08-03,PE,0
2021-08-03,QC,0
2021-08-03,SK,0
2021-08-03,YT,0
2021-08-03,npts-ptso,0
2021-08-04,AB,0
2021-08-04,BC,0
2021-08-04,MB,0
2021-08-04,NB,0
2021-08-04,NL,0
2021-08-04,NT,0
2021-08-04,NS,0
2021-08-04,NU,0
2021-08-04,ON,17
2021-08-04,PE,0
2021-08-04,QC,0
2021-08-04,SK,0
2021-08-04,YT,0
2021-08-04,npts-ptso,0
2021-08-05,AB,0
2021-08-05,BC,0
2021-08-05,MB,0
2021-08-05,NB,0
2021-08-05,NL,0
2021-08-05,NT,0
2021-08-05,NS,0
2021-08-05,NU,0
2021-08-05,ON,2
2021-08-05,PE,0
2021-08-05,QC,0
2021-08-05,SK,0
2021-08-05,YT,0
2021-08-05,npts-ptso,0
2021-08-06,AB,0
2021-08-06,BC,0
2021-08-06,MB,0
2021-08-06,NB,0
2021-08-06,NL,0
2021-08-06,NT,0
2021-08-06,NS,0
2021-08-06,NU,0
2021-08-06,ON,0
2021-08-06,PE,0
2021-08-06,QC,0
2021-08-06,SK,0
2021-08-06,YT,0
2021-08-06,npts-ptso,0
2021-08-07,AB,0
2021-08-07,BC,0
2021-08-07,MB,0
2021-08-07,NB,0
2021-08-07,NL,0
2021-08-07,NT,0
2021-08-07,NS,0
2021-08-07,NU,0
2021-08-07,ON,0
2021-08-07,PE,0
2021-08-07,QC,0
2021-08-07,SK,0
2021-08-07,YT,0
2021-08-07,npts-ptso,0
2021-08-08,AB,0
2021-08-08,BC,0
2021-08-08,MB,0
2021-08-08,NB,0
2021-08-08,NL,0
2021-08-08,NT,0
2021-08-08,NS,0
2021-08-08,NU,0
2021-08-08,ON,0
2021-08-08,PE,0
2021-08-08,QC,0
2021-08-08,SK,0
2021-08-08,YT,0
2021-08-08,npts-ptso,0
2021-08-09,AB,0
2021-08-09,BC,0
2021-08-09,MB,0
2021-08-09,NB,0
2021-08-09,NL,4
2021-08-09,NT,0
2021-08-09,NS,0
2021-08-09,NU,0
2021-08-09,ON,11
2021-08-09,PE,0
2021-08-09,QC,0
2021-08-09,SK,0
2021-08-09,YT,0
2021-08-09,npts-ptso,0
2021-08-10,AB,0
2021-08-10,BC,0
2021-08-10,MB,0
2021-08-10,NB,0
2021-08-10,NL,2
2021-08-10,NT,0
2021-08-10,NS,0
2021-08-10,NU,0
2021-08-10,ON,4
2021-08-10,PE,0
2021-08-10,QC,0
2021-08-10,SK,0
2021-08-10,YT,0
2021-08-10,npts-ptso,0
2021-08-11,AB,0
2021-08-11,BC,0
2021-08-11,MB,0
2021-08-11,NB,0
2021-08-11,NL,0
2021-08-11,NT,0
2021-08-11,NS,0
2021-08-11,NU,0
2021-08-11,ON,0
2021-08-11,PE,0
2021-08-11,QC,0
2021-08-11,SK,0
2021-08-11,YT,0
2021-08-11,npts-ptso,0
2021-08-12,AB,0
2021-08-12,BC,0
2021-08-12,MB,0
2021-08-12,NB,0
2021-08-12,NL,0
2021-08-12,NT,0
2021-08-12,NS,0
2021-08-12,NU,0
2021-08-12,ON,0
2021-08-12,PE,0
2021-08-12,QC,0
2021-08-12,SK,0
2021-08-12,YT,0
2021-08-12,npts-ptso,0
2021-08-13,AB,0
2021-08-13,BC,0
2021-08-13,MB,0
2021-08-13,NB,0
2021-08-13,NL,0
2021-08-13,NT,0
2021-08-13,NS,0
2021-08-13,NU,0
2021-08-13,ON,0
2021-08-13,PE,0
2021-08-13,QC,0
2021-08-13,SK,0
2021-08-13,YT,0
2021-08-13,npts-ptso,0
